instance,vehicle.cap,demand.min,demand.max,demand.count,demand.mean,demand.sd,tw.begin.min,tw.begin.max,tw.begin.count,tw.begin.mean,tw.begin.sd,tw.ending.min,tw.ending.max,tw.ending.count,tw.ending.mean,tw.ending.sd,tw.duration.min,tw.duration.max,tw.duration.count,tw.duration.mean,tw.duration.sd,distance.min,distance.max,distance.count,distance.mean,distance.sd,distance.asym.sq,nodes,tw.depot.start,tw.depot.finish,vehicle.cap,greedy.rlen.min,greedy.rlen.max,greedy.rlen.count,greedy.rlen.mean,greedy.rlen.sd,greedy.cost.min,greedy.cost.max,greedy.cost.count,greedy.cost.mean,greedy.cost.sd,tightenings,conflicts
ber-n2500-7.txt,300,10,180,1250,93.8856,48.3535,2,428,2500,187.953,112.324,40,464,2500,274.234,112.161,23,419,2500,86.2808,90.5544,0,82,3128751,29.2191,12.3707,2.50765e+06,2500,0,480,300,9.88321e-318,6.93525e-310,218,6.36599e-314,1.00639e-317,6.9528e-310,6.36599e-314,218,6.9528e-310,3.2761e-319,792,63805
poa-n2500-3.txt,100,10,60,1250,34.692,14.9082,3,403,2500,177.533,108.311,72,473,2500,310.987,105.417,55,412,2500,133.454,76.0632,0,70,3128751,20.738,10.4545,4.13779e+06,2500,0,480,100,9.88321e-318,6.92663e-310,102,6.36599e-314,1.00639e-317,6.95294e-310,6.36599e-314,102,6.95294e-310,3.2761e-319,1077,0
nyc-n2500-2.txt,6,1,6,1250,1.384,0.891953,3,180,2500,72.992,48.8558,57,235,2500,132.658,48.3131,40,60,2500,59.6656,1.90369,0,60,3128751,9.99283,6.57921,4.41136e+06,2500,0,240,6,9.88321e-318,6.90725e-310,88,6.36599e-314,1.00639e-317,6.95332e-310,6.36599e-314,88,6.95332e-310,3.2761e-319,115,178
poa-n2500-5.txt,100,10,60,1250,35.072,14.6155,1,441,2500,188.975,127.891,33,473,2500,281.766,127.766,27,460,2500,92.7912,107.935,0,69,3128751,16.0651,9.51667,4.97468e+06,2500,0,480,100,9.88321e-318,6.93063e-310,92,6.36599e-314,1.00639e-317,6.95294e-310,6.36599e-314,92,6.95294e-310,3.2761e-319,785,826
bar-n2500-5.txt,100,10,60,1250,34.7848,14.635,3,431,2500,186.078,127.822,37,462,2500,282.029,126.762,26,434,2500,95.9508,110.594,0,36,3128751,13.9197,5.74732,5.22706e+06,2500,0,480,100,9.88321e-318,6.94259e-310,146,6.36599e-314,1.00639e-317,6.95335e-310,6.36599e-314,146,6.95335e-310,3.2761e-319,897,4960
nyc-n2500-3.txt,6,1,6,1250,1.3872,0.819398,1,360,2500,153.842,110.253,121,476,2500,273.698,110.135,101,120,2500,119.855,1.17762,0,69,3128751,10.9358,7.267,4.81312e+06,2500,0,480,6,9.88321e-318,6.90544e-310,39,6.36599e-314,1.00639e-317,6.95278e-310,6.36599e-314,39,6.95278e-310,3.2761e-319,61,0
nyc-n2500-4.txt,6,1,6,1250,1.4248,0.859847,13,440,2500,205.866,115.699,43,459,2500,235.785,115.673,11,30,2500,29.9192,0.927478,0,73,3128751,10.4911,6.96879,4.35294e+06,2500,0,480,6,9.88321e-318,6.94629e-310,54,6.36599e-314,1.00639e-317,6.95267e-310,6.36599e-314,54,6.95267e-310,3.2761e-319,38,3470
ber-n2500-5.txt,300,10,180,1250,95.2272,49.7927,15,178,2500,87.6376,41.5953,49,208,2500,146.82,40.4591,27,164,2500,59.182,24.3799,0,63,3128751,26.5512,19.8456,1.71204e+06,2500,0,240,300,9.88321e-318,6.92129e-310,318,6.36599e-314,1.00639e-317,6.9527e-310,6.36599e-314,318,6.9527e-310,3.2761e-319,1277,135366
poa-n2500-6.txt,300,10,180,1250,96.3176,49.8166,9,192,2500,87.8052,50.4106,42,227,2500,150.712,49.6865,30,206,2500,62.9072,31.7246,0,54,3128751,17.7882,10.2423,3.06601e+06,2500,0,240,300,9.88321e-318,6.89974e-310,124,6.36599e-314,1.00639e-317,6.95307e-310,6.36599e-314,124,6.95307e-310,3.2761e-319,1002,2121
bar-n2500-4.txt,100,10,60,1250,35.156,14.3523,2,411,2500,171.413,120.325,65,472,2500,304.207,119.392,56,453,2500,132.794,76.7611,0,94,3128751,14.0094,6.04959,5.18038e+06,2500,0,480,100,9.88321e-318,6.91814e-310,75,6.36599e-314,1.00639e-317,6.9531e-310,6.36599e-314,75,6.9531e-310,3.2761e-319,875,0
bar-n2500-1.txt,100,10,60,1250,34.868,14.9168,3,432,2500,197.148,130.447,39,466,2500,276.951,129.866,30,445,2500,79.8028,87.5348,0,35,3128751,12.8046,5.77819,4.80056e+06,2500,0,480,100,9.88321e-318,6.92784e-310,87,6.36599e-314,1.00639e-317,6.95324e-310,6.36599e-314,87,6.95324e-310,3.2761e-319,618,348
bar-n2500-3.txt,100,10,60,1250,35.3784,14.8204,2,413,2500,166.567,123.255,66,473,2500,314.044,120.454,56,457,2500,147.477,99.9598,0,40,3128751,14.0734,5.77781,5.2741e+06,2500,0,480,100,9.88321e-318,6.93109e-310,77,6.36599e-314,1.00639e-317,6.95264e-310,6.36599e-314,77,6.95264e-310,3.2761e-319,1090,0
bar-n2500-2.txt,300,10,180,1250,93.7528,49.1628,1,169,2500,63.1892,46.9451,64,233,2500,174.966,43.3868,54,220,2500,111.777,31.1092,0,38,3128751,13.8669,5.7745,4.80103e+06,2500,0,240,300,9.88321e-318,6.92007e-310,142,6.36599e-314,1.00639e-317,6.95329e-310,6.36599e-314,142,6.95329e-310,3.2761e-319,1800,0
ber-n2500-6.txt,300,10,180,1250,93.7696,47.8466,2,170,2500,69.2652,32.7434,69,227,2500,164.418,30.3578,39,184,2500,95.1524,21.9939,0,86,3128751,29.446,12.4437,2.52074e+06,2500,0,240,300,9.88321e-318,6.9174e-310,348,6.36599e-314,1.00639e-317,6.95327e-310,6.36599e-314,348,6.95327e-310,3.2761e-319,2840,14940
nyc-n2500-5.txt,6,1,6,1249,1.41553,0.827869,2,440,2498,197.759,118.016,32,468,2498,227.671,117.994,9,30,2498,29.9111,1.08366,0,62,3128751,10.9739,7.50786,4.44408e+06,2500,0,480,6,9.88321e-318,6.91135e-310,54,6.36599e-314,1.00639e-317,6.95299e-310,6.36599e-314,54,6.95299e-310,3.2761e-319,28,4985
ber-n2500-4.txt,300,10,180,1250,95.6584,49.544,14,151,2500,64.9592,35.2866,80,214,2500,170.326,32.5479,58,178,2500,105.367,25.6711,0,70,3128751,22.9395,12.3978,2.09262e+06,2500,0,240,300,9.88321e-318,6.90143e-310,205,6.36599e-314,1.00639e-317,6.95298e-310,6.36599e-314,205,6.95298e-310,3.2761e-319,2119,659
poa-n2500-7.txt,100,10,60,1250,34.8208,14.4977,3,434,2500,194.557,125.528,43,466,2500,280.253,124.647,29,445,2500,85.6956,96.509,0,52,3128751,17.2425,8.71479,3.59866e+06,2500,0,480,100,9.88321e-318,6.91147e-310,94,6.36599e-314,1.00639e-317,6.95301e-310,6.36599e-314,94,6.95301e-310,3.2761e-319,722,1720
bar-n2500-6.txt,100,10,60,1250,34.9896,14.7511,1,435,2500,194.209,126.278,40,467,2500,276.516,125.414,22,441,2500,82.3072,91.1736,0,34,3128751,13.9835,5.74477,5.09448e+06,2500,0,480,100,9.88321e-318,6.91918e-310,117,6.36599e-314,1.00639e-317,6.95307e-310,6.36599e-314,117,6.95307e-310,3.2761e-319,674,1294
ber-n2500-3.txt,300,10,180,1250,95.8024,49.7166,3,161,2500,62.8488,36.6859,65,223,2500,166.726,33.3954,57,197,2500,103.878,23.566,0,68,3128751,24.2443,12.4887,2.67639e+06,2500,0,240,300,9.88321e-318,6.93017e-310,280,6.36599e-314,1.00639e-317,6.95283e-310,6.36599e-314,280,6.95283e-310,3.2761e-319,2020,3643
poa-n2500-4.txt,100,10,60,1250,35.2696,14.4439,5,436,2500,198.43,120.978,42,471,2500,284.328,119.644,21,434,2500,85.8976,94.4114,0,71,3128751,20.8244,10.6538,4.09388e+06,2500,0,480,100,9.88321e-318,6.9455e-310,106,6.36599e-314,1.00639e-317,6.95263e-310,6.36599e-314,106,6.95263e-310,3.2761e-319,738,2216
nyc-n2500-1.txt,6,1,6,1250,1.3752,0.864305,2,180,2500,73.4456,49.5201,62,231,2500,133.139,48.9984,43,60,2500,59.6932,1.67075,0,60,3128751,10.3683,6.51914,4.41331e+06,2500,0,240,6,9.88321e-318,6.9128e-310,85,6.36599e-314,1.00639e-317,6.9531e-310,6.36599e-314,85,6.9531e-310,3.2761e-319,128,46
poa-n2500-1.txt,100,10,60,1250,34.9728,15.0233,3,157,2500,63.3948,34.4164,74,221,2500,164.418,32.7973,50,170,2500,101.023,21.3634,0,65,3128751,19.7316,10.4517,4.4924e+06,2500,0,240,100,9.88321e-318,6.92901e-310,349,6.36599e-314,1.00639e-317,6.95281e-310,6.36599e-314,349,6.95281e-310,3.2761e-319,2182,1905
ber-n2500-1.txt,300,10,180,1250,96.856,50.466,6,202,2500,88.5836,43.7112,45,228,2500,147.523,42.9744,13,190,2500,58.9396,23.571,0,79,3128751,24.1009,11.0026,2.58092e+06,2500,0,240,300,9.88321e-318,6.92402e-310,273,6.36599e-314,1.00639e-317,6.95291e-310,6.36599e-314,273,6.95291e-310,3.2761e-319,1192,32621
poa-n2500-2.txt,300,10,180,1250,94.8904,48.1544,4,168,2500,66.8252,35.7043,64,234,2500,168.938,34.4114,55,186,2500,102.113,22.5801,0,72,3128751,19.0685,10.9605,4.76195e+06,2500,0,240,300,9.88321e-318,6.91314e-310,193,6.36599e-314,1.00639e-317,6.95286e-310,6.36599e-314,193,6.95286e-310,3.2761e-319,2106,16
ber-n2500-2.txt,100,10,60,1250,34.6256,14.7151,5,436,2500,187.531,116.855,44,467,2500,289.745,116.391,20,428,2500,102.214,110.77,0,77,3128751,32.1144,15.9144,4.57028e+06,2500,0,480,100,9.88321e-318,6.94042e-310,184,6.36599e-314,1.00639e-317,6.95283e-310,6.36599e-314,184,6.95283e-310,3.2761e-319,1040,40708
nyc-n800-2.txt,6,1,6,400,1.3825,0.901791,3,210,800,93.585,59.9859,33,236,800,123.385,59.6397,12,30,800,29.8,1.30849,0,56,321201,10.1774,6.2072,397379,800,0,240,6,9.88321e-318,6.91526e-310,37,6.36599e-314,1.00639e-317,6.95295e-310,6.36599e-314,37,6.95295e-310,3.2761e-319,29,427
bar-n800-3.txt,100,10,60,400,33.9925,14.4671,3,441,800,187.844,131.854,45,473,800,281.865,132.189,29,460,800,94.0212,110.573,0,35,321201,14.5132,6.13449,576373,800,0,480,100,9.88321e-318,6.92021e-310,29,6.36599e-314,1.00639e-317,6.95301e-310,6.36599e-314,29,6.95301e-310,3.2761e-319,231,18
bar-n800-1.txt,300,10,180,400,97.1125,50.3172,2,192,800,74.8438,50.8448,36,224,800,148.8,50.2909,29,199,800,73.9562,44.3027,0,32,321201,11.4785,5.37126,427741,800,0,240,300,9.88321e-318,6.90503e-310,97,6.36599e-314,1.00639e-317,6.95278e-310,6.36599e-314,97,6.95278e-310,3.2761e-319,422,701
nyc-n800-1.txt,6,1,6,400,1.3975,0.849292,2,119,800,42.8937,29.8524,116,234,800,162.577,29.4546,102,120,800,119.684,1.80425,0,58,321201,10.5988,6.73748,498075,800,0,240,6,9.88321e-318,6.93213e-310,29,6.36599e-314,1.00639e-317,6.95317e-310,6.36599e-314,29,6.95317e-310,3.2761e-319,37,0
nyc-n800-5.txt,6,1,5,400,1.415,0.818198,2,420,800,180.225,118.499,62,471,800,240.131,118.42,51,60,800,59.9062,0.758736,0,56,321201,10.6643,7.51283,463140,800,0,480,6,9.88321e-318,6.90582e-310,18,6.36599e-314,1.00639e-317,6.95305e-310,6.36599e-314,18,6.95305e-310,3.2761e-319,17,12
poa-n800-4.txt,300,10,180,400,96.855,46.2065,3,427,800,189.526,127.19,36,460,800,292.639,123.057,30,432,800,103.112,115.865,0,59,321201,18.7321,9.45144,475220,800,0,480,300,9.88321e-318,6.91241e-310,55,6.36599e-314,1.00639e-317,6.95319e-310,6.36599e-314,55,6.95319e-310,3.2761e-319,306,1312
poa-n800-7.txt,100,10,60,400,36.2225,14.6326,1,404,800,181.833,114.733,75,468,800,307.38,111.475,58,435,800,125.547,64.5546,0,70,321201,21.289,10.6634,443604,800,0,480,100,9.88321e-318,6.93237e-310,48,6.36599e-314,1.00639e-317,6.95318e-310,6.36599e-314,48,6.95318e-310,3.2761e-319,315,4
ber-n800-5.txt,100,10,60,400,36.4025,15.4232,11,402,800,177.086,114.924,77,468,800,322.933,109.428,49,428,800,145.846,92.9318,0,77,321201,29.4235,12.4607,306157,800,0,480,100,9.88321e-318,6.93099e-310,46,6.36599e-314,1.00639e-317,6.95315e-310,6.36599e-314,46,6.95315e-310,3.2761e-319,418,27
ber-n800-3.txt,100,10,60,400,34.3025,14.7295,3,405,800,159.274,118.196,69,469,800,314.027,118.243,60,450,800,154.754,107.226,0,70,321201,28.9464,14.6285,294068,800,0,480,100,9.88321e-318,6.91105e-310,21,6.36599e-314,1.00639e-317,6.95333e-310,6.36599e-314,21,6.95333e-310,3.2761e-319,447,1
poa-n800-1.txt,300,10,180,400,97.4875,49.2587,10,193,800,91.39,46.8821,52,230,800,152.836,45.7179,19,199,800,61.4462,27.5359,0,69,321201,22.3375,12.0965,455322,800,0,240,300,9.88321e-318,6.89823e-310,79,6.36599e-314,1.00639e-317,6.95265e-310,6.36599e-314,79,6.95265e-310,3.2761e-319,361,1368
bar-n800-6.txt,300,10,180,400,99.8825,48.3295,1,158,800,61.8525,40.3164,73,222,800,168.909,35.6868,55,192,800,107.056,25.0725,0,36,321201,13.7351,5.674,582768,800,0,240,300,9.88321e-318,6.91179e-310,100,6.36599e-314,1.00639e-317,6.95267e-310,6.36599e-314,100,6.95267e-310,3.2761e-319,619,1
ber-n800-4.txt,300,10,180,400,95.195,50.1529,3,194,800,89.5425,40.8464,43,227,800,146.064,39.7029,22,161,800,56.5213,19.6438,0,76,321201,29.1636,12.3306,274950,800,0,240,300,9.88321e-318,6.92332e-310,140,6.36599e-314,1.00639e-317,6.95275e-310,6.36599e-314,140,6.95275e-310,3.2761e-319,460,16971
poa-n800-5.txt,300,10,180,400,95.455,48.0677,4,155,800,56.7075,39.6422,74,219,800,168.34,36.5993,58,187,800,111.632,30.0128,0,45,321201,17.1191,9.07312,469751,800,0,240,300,9.88321e-318,6.92335e-310,82,6.36599e-314,1.00639e-317,6.95269e-310,6.36599e-314,82,6.95269e-310,3.2761e-319,665,7
nyc-n800-3.txt,6,1,6,400,1.4275,0.92297,9,210,800,94.1325,57.9272,39,233,800,123.839,57.423,13,30,800,29.7063,1.67809,0,55,321201,9.71347,6.24239,401267,800,0,240,6,9.88321e-318,6.91532e-310,34,6.36599e-314,1.00639e-317,6.95308e-310,6.36599e-314,34,6.95308e-310,3.2761e-319,37,406
ber-n800-2.txt,300,10,180,400,99.37,48.242,4,157,800,64.1737,36.1104,74,224,800,170.153,33.5482,58,194,800,105.979,27.0944,0,54,321201,22.1863,11.2613,195622,800,0,240,300,9.88321e-318,6.90219e-310,74,6.36599e-314,1.00639e-317,6.95302e-310,6.36599e-314,74,6.95302e-310,3.2761e-319,671,3
poa-n800-3.txt,100,10,60,400,34.755,14.974,11,424,800,192.28,116.168,54,457,800,274.33,116.337,30,403,800,82.05,86.42,0,68,321201,22.0646,11.4753,510024,800,0,480,100,9.88321e-318,6.95235e-310,63,6.36599e-314,1.00639e-317,6.95267e-310,6.36599e-314,63,6.95267e-310,3.2761e-319,264,2697
bar-n800-5.txt,100,10,60,400,34.335,14.5708,2,160,800,58.6112,41.8158,65,222,800,170.551,38.4961,53,195,800,111.94,31.2807,0,32,321201,13.8943,5.72793,537986,800,0,240,100,9.88321e-318,6.94234e-310,95,6.36599e-314,1.00639e-317,6.9533e-310,6.36599e-314,95,6.9533e-310,3.2761e-319,707,6
ber-n800-6.txt,100,10,60,400,34.66,15.0236,10,430,800,194.094,110.704,50,461,800,291.166,106.653,23,427,800,97.0725,103.178,0,76,321201,28.9657,12.1693,243812,800,0,480,100,9.88321e-318,6.91788e-310,66,6.36599e-314,1.00639e-317,6.95296e-310,6.36599e-314,66,6.95296e-310,3.2761e-319,313,3244
poa-n800-6.txt,300,10,180,400,96.1875,49.6746,6,192,800,81.825,50.3608,40,232,800,150.287,50.9219,27,213,800,68.4625,39.511,0,56,321201,19.1302,12.6115,443263,800,0,240,300,9.88321e-318,6.90022e-310,45,6.36599e-314,1.00639e-317,6.95293e-310,6.36599e-314,45,6.95293e-310,3.2761e-319,366,382
bar-n800-7.txt,100,10,60,400,34.2275,14.5156,5,399,800,175.514,117.961,69,467,800,307.554,115.68,60,436,800,132.04,76.0152,0,33,321201,13.6025,5.66905,534477,800,0,480,100,9.88321e-318,6.94204e-310,36,6.36599e-314,1.00639e-317,6.95323e-310,6.36599e-314,36,6.95323e-310,3.2761e-319,322,0
nyc-n800-4.txt,6,1,6,400,1.36,0.766073,2,359,800,156.489,106.51,122,473,800,276.144,106.084,87,120,800,119.655,2.36336,0,58,321201,10.6143,7.20918,493734,800,0,480,6,9.88321e-318,6.95214e-310,15,6.36599e-314,1.00639e-317,6.95274e-310,6.36599e-314,15,6.95274e-310,3.2761e-319,31,0
poa-n800-2.txt,300,10,180,400,92.5825,49.2883,3,194,800,77.3762,49.1204,41,228,800,147.938,49.5746,25,199,800,70.5613,39.4382,0,68,321201,19.6952,11.2317,440560,800,0,240,300,9.88321e-318,6.94996e-310,94,6.36599e-314,1.00639e-317,6.95315e-310,6.36599e-314,94,6.95315e-310,3.2761e-319,433,2425
bar-n800-4.txt,100,10,60,400,35.3175,15.058,9,397,800,161.799,121.22,76,462,800,315.7,118.034,58,432,800,153.901,105.833,0,34,321201,13.9523,8.6405,480394,800,0,480,100,9.88321e-318,6.90782e-310,26,6.36599e-314,1.00639e-317,6.95294e-310,6.36599e-314,26,6.95294e-310,3.2761e-319,379,0
ber-n800-1.txt,100,10,60,400,34.98,14.0561,19,147,800,64.0475,33.7125,84,211,800,166.364,32.1339,58,171,800,102.316,23.2253,0,60,321201,28.5451,17.4907,291293,800,0,240,100,9.88321e-318,6.92579e-310,66,6.36599e-314,1.00639e-317,6.95284e-310,6.36599e-314,66,6.95284e-310,3.2761e-319,653,317
bar-n800-2.txt,100,10,60,400,35.13,14.9607,2,407,800,167.132,124.52,69,468,800,325.504,118.848,60,444,800,158.371,112.42,0,34,321201,12.6073,5.4487,496620,800,0,480,100,9.88321e-318,6.92256e-310,36,6.36599e-314,1.00639e-317,6.95315e-310,6.36599e-314,36,6.95315e-310,3.2761e-319,449,0
ber-n400-3.txt,100,10,60,200,34.57,14.1132,11,174,400,76.5875,40.8905,47,212,400,145.282,41.0788,30,176,400,68.695,35.3294,0,47,80601,19.3907,10.1871,42416,400,0,240,100,9.88321e-318,6.9189e-310,51,6.36599e-314,1.00639e-317,6.95284e-310,6.36599e-314,51,6.95284e-310,3.2761e-319,229,942
poa-n400-2.txt,100,10,60,200,34.73,15.5372,5,156,400,54.1525,36.3604,72,219,400,165.21,35.4687,59,191,400,111.058,27.856,0,49,80601,14.5545,7.4035,124075,400,0,240,100,9.88321e-318,6.91295e-310,47,6.36599e-314,1.00639e-317,6.95326e-310,6.36599e-314,47,6.95326e-310,3.2761e-319,336,0
nyc-n400-1.txt,6,1,6,200,1.385,0.872111,2,209,400,95.7325,63.2169,32,234,400,125.543,62.975,17,30,400,29.81,1.08482,0,36,80601,9.95365,6.42178,110450,400,0,240,6,9.88321e-318,6.91968e-310,18,6.36599e-314,1.00639e-317,6.95303e-310,6.36599e-314,18,6.95303e-310,3.2761e-319,18,87
poa-n400-3.txt,300,10,179,200,92.48,49.6808,12,144,400,62.1925,34.4375,77,214,400,165.843,32.1911,60,171,400,103.65,23.4021,0,34,80601,12.2055,5.61861,102443,400,0,240,300,9.88321e-318,6.91996e-310,45,6.36599e-314,1.00639e-317,6.9527e-310,6.36599e-314,45,6.9527e-310,3.2761e-319,315,0
nyc-n400-2.txt,6,1,6,200,1.47,1.05578,2,210,400,93.1625,61.5352,32,235,400,123.037,61.3408,17,30,400,29.875,0.949542,0,52,80601,9.72925,6.19119,136841,400,0,240,6,9.88321e-318,6.91164e-310,19,6.36599e-314,1.00639e-317,6.95265e-310,6.36599e-314,19,6.95265e-310,3.2761e-319,11,116
bar-n400-7.txt,300,10,179,200,97.75,48.519,2,429,400,189.248,127.343,35,473,400,297.005,125.048,31,452,400,107.757,127.683,0,32,80601,13.3811,5.50747,127417,400,0,480,300,9.88321e-318,6.93274e-310,15,6.36599e-314,1.00639e-317,6.9531e-310,6.36599e-314,15,6.9531e-310,3.2761e-319,140,3
ber-n400-4.txt,100,10,60,200,34.935,14.5281,3,424,400,187.06,129.055,39,461,400,267.053,129.43,30,433,400,79.9925,88.0714,0,46,80601,16.1416,8.91975,56001,400,0,480,100,9.88321e-318,6.93074e-310,22,6.36599e-314,1.00639e-317,6.95329e-310,6.36599e-314,22,6.95329e-310,3.2761e-319,129,266
nyc-n400-4.txt,6,1,5,200,1.355,0.801365,9,419,400,198.602,126.018,69,471,400,258.345,125.592,42,60,400,59.7425,1.64863,0,38,80601,10.7578,6.86846,110629,400,0,480,6,9.88321e-318,6.94169e-310,9,6.36599e-314,1.00639e-317,6.95267e-310,6.36599e-314,9,6.95267e-310,3.2761e-319,12,0
poa-n400-1.txt,300,10,179,200,96.695,48.0785,12,386,400,167.015,106.231,85,456,400,295.1,104.407,57,394,400,128.085,63.412,0,70,80601,22.9709,12.1308,105018,400,0,480,300,9.88321e-318,6.93184e-310,30,6.36599e-314,1.00639e-317,6.95285e-310,6.36599e-314,30,6.95285e-310,3.2761e-319,142,7
nyc-n400-5.txt,6,1,5,200,1.37,0.765526,3,418,400,194.275,125.2,63,470,400,254.067,124.874,45,60,400,59.7925,1.39078,0,57,80601,10.4275,6.89959,123541,400,0,480,6,9.88321e-318,6.90953e-310,9,6.36599e-314,1.00639e-317,6.95305e-310,6.36599e-314,9,6.95305e-310,3.2761e-319,12,2
ber-n400-1.txt,100,10,60,200,34.07,15.0211,11,166,400,73.1725,36.9428,82,230,400,172.067,33.8966,56,171,400,98.895,21.2145,0,72,80601,28.2453,12.7079,75520,400,0,240,100,9.88321e-318,6.92141e-310,46,6.36599e-314,1.00639e-317,6.95315e-310,6.36599e-314,46,6.95315e-310,3.2761e-319,362,52
bar-n400-3.txt,100,10,60,200,35.925,14.8107,3,437,400,189.04,137.247,35,471,400,281.57,137.526,30,452,400,92.53,110.36,0,32,80601,11.1861,5.09412,118617,400,0,480,100,9.88321e-318,6.94653e-310,13,6.36599e-314,1.00639e-317,6.95271e-310,6.36599e-314,13,6.95271e-310,3.2761e-319,132,1
bar-n400-6.txt,300,10,180,200,95.855,51.9001,3,400,400,165.05,113.353,76,463,400,304.842,111.419,56,436,400,139.792,85.7178,0,33,80601,14.1444,5.80886,132156,400,0,480,300,9.88321e-318,6.90318e-310,24,6.36599e-314,1.00639e-317,6.95313e-310,6.36599e-314,24,6.95313e-310,3.2761e-319,160,1
ber-n400-7.txt,300,10,180,200,95.665,49.9608,13,428,400,220.06,119.632,56,467,400,296.402,116.257,32,425,400,76.3425,76.8148,0,77,80601,29.5534,12.5551,57795,400,0,480,300,9.88321e-318,6.95141e-310,28,6.36599e-314,1.00639e-317,6.95266e-310,6.36599e-314,28,6.95266e-310,3.2761e-319,97,483
poa-n400-4.txt,100,10,60,200,35.07,14.9681,4,421,400,180.415,126.117,40,461,400,265.483,128.587,30,428,400,85.0675,95.7609,0,36,80601,15.8796,7.43514,103256,400,0,480,100,9.88321e-318,6.93052e-310,22,6.36599e-314,1.00639e-317,6.95304e-310,6.36599e-314,22,6.95304e-310,3.2761e-319,126,152
bar-n400-2.txt,300,10,179,200,94.585,51.5122,4,160,400,56.0475,40.0333,69,227,400,169.472,38.971,60,196,400,113.425,31.4892,0,30,80601,11.9468,5.6591,117557,400,0,240,300,9.88321e-318,6.90516e-310,36,6.36599e-314,1.00639e-317,6.95329e-310,6.36599e-314,36,6.95329e-310,3.2761e-319,328,0
bar-n400-4.txt,100,10,60,200,36.75,14.8611,4,201,400,88.37,58.9908,39,231,400,159.12,56.3487,28,212,400,70.75,45.3733,0,29,80601,11.2272,5.70836,127987,400,0,240,100,9.88321e-318,6.93867e-310,21,6.36599e-314,1.00639e-317,6.95319e-310,6.36599e-314,21,6.95319e-310,3.2761e-319,204,3
bar-n400-1.txt,100,10,60,200,34.39,14.1346,5,162,400,68.6175,42.922,73,228,400,176.98,37.9832,57,208,400,108.362,29.8169,0,30,80601,14.4032,6.44931,154224,400,0,240,100,9.88321e-318,6.93979e-310,39,6.36599e-314,1.00639e-317,6.95333e-310,6.36599e-314,39,6.95333e-310,3.2761e-319,338,0
ber-n400-5.txt,300,11,180,200,99.63,51.0813,5,386,400,162.787,107.94,83,463,400,311.827,104.811,55,428,400,149.04,94.9265,0,75,80601,27.7461,12.0072,71751,400,0,480,300,9.88321e-318,6.92726e-310,34,6.36599e-314,1.00639e-317,6.95258e-310,6.36599e-314,34,6.95258e-310,3.2761e-319,208,59
poa-n400-6.txt,300,10,179,200,97.235,49.948,7,166,400,69.745,31.9935,86,222,400,167.692,28.6019,54,176,400,97.9475,21.6561,0,68,80601,22.4818,11.3669,125022,400,0,240,300,9.88321e-318,6.90132e-310,51,6.36599e-314,1.00639e-317,6.95312e-310,6.36599e-314,51,6.95312e-310,3.2761e-319,434,2
ber-n400-2.txt,300,10,180,200,89.36,45.4361,16,159,400,68.285,33.2631,84,229,400,168.11,32.0069,54,181,400,99.825,25.1395,0,73,80601,25.789,12.8297,65259,400,0,240,300,9.88321e-318,6.94717e-310,46,6.36599e-314,1.00639e-317,6.95328e-310,6.36599e-314,46,6.95328e-310,3.2761e-319,390,64
poa-n400-5.txt,300,10,180,200,97.815,49.0328,12,423,400,175.752,126.212,52,458,400,282.433,128.185,27,434,400,106.68,122.584,0,59,80601,22.2188,13.4668,116960,400,0,480,300,9.88321e-318,6.94092e-310,18,6.36599e-314,1.00639e-317,6.95284e-310,6.36599e-314,18,6.95284e-310,3.2761e-319,165,220
ber-n400-6.txt,100,10,60,200,35.35,14.653,7,436,400,189.5,121.985,43,473,400,284.853,121.557,30,441,400,95.3525,106.728,0,76,80601,29.7919,12.5985,64896,400,0,480,100,9.88321e-318,6.92825e-310,26,6.36599e-314,1.00639e-317,6.95298e-310,6.36599e-314,26,6.95298e-310,3.2761e-319,132,440
nyc-n400-3.txt,6,1,6,200,1.57,1.10053,3,357,400,153.812,107.633,123,473,400,273.71,107.527,109,120,400,119.897,0.896663,0,53,80601,10.4652,7.22714,109527,400,0,480,6,9.88321e-318,6.92661e-310,9,6.36599e-314,1.00639e-317,6.95329e-310,6.36599e-314,9,6.95329e-310,3.2761e-319,7,0
bar-n400-5.txt,100,10,60,200,34.71,14.9568,2,161,400,58.8425,41.5028,71,224,400,166.705,38.6874,56,194,400,107.862,29.8074,0,36,80601,14.0811,5.76114,147133,400,0,240,100,9.88321e-318,6.90259e-310,49,6.36599e-314,1.00639e-317,6.9532e-310,6.36599e-314,49,6.9532e-310,3.2761e-319,363,1
bar-n5000-2.txt,100,10,60,2500,34.8804,14.609,1,410,5000,159.424,128.522,63,474,5000,318.981,126.201,60,460,5000,159.557,116.315,0,86,12507501,11.138,5.9206,1.97283e+07,5000,0,480,100,9.88321e-318,6.90233e-310,97,6.36599e-314,1.00639e-317,6.95327e-310,6.36599e-314,97,6.95327e-310,3.2761e-319,2537,0
poa-n5000-2.txt,100,10,60,2500,34.7812,14.6218,2,423,5000,172.408,115.152,64,474,5000,310.911,112.85,44,454,5000,138.503,85.8027,0,72,12507501,20.123,10.4707,1.8386e+07,5000,0,480,100,9.88321e-318,6.90726e-310,189,6.36599e-314,1.00639e-317,6.95265e-310,6.36599e-314,189,6.95265e-310,3.2761e-319,2134,19
poa-n5000-5.txt,300,10,180,2500,95.5752,49.4002,5,191,5000,83.0932,49.2669,41,225,5000,149.684,48.5577,28,197,5000,66.5908,36.7397,0,53,12507501,18.2159,9.95881,1.70824e+07,5000,0,240,300,9.88321e-318,6.94078e-310,399,6.36599e-314,1.00639e-317,6.95332e-310,6.36599e-314,399,6.95332e-310,3.2761e-319,2458,51925
ber-n5000-2.txt,100,10,60,2500,34.518,14.6662,2,210,5000,85.2284,46.3414,38,232,5000,150.492,45.3368,15,209,5000,65.2632,33.5701,0,78,12507501,28.1676,13.0306,1.15339e+07,5000,0,240,100,9.88321e-318,6.91834e-310,537,6.36599e-314,1.00639e-317,6.95261e-310,6.36599e-314,537,6.95261e-310,3.2761e-319,2895,218700
poa-n5000-3.txt,300,10,180,2500,94.2564,49.6291,3,396,5000,174.341,107.291,80,461,5000,303.782,104.818,48,413,5000,129.44,68.7661,0,74,12507501,20.5267,11.223,2.00961e+07,5000,0,480,300,9.88321e-318,6.90882e-310,336,6.36599e-314,1.00639e-317,6.95319e-310,6.36599e-314,336,6.95319e-310,3.2761e-319,2068,1062
nyc-n5000-2.txt,6,1,6,2500,1.4124,0.942911,5,180,5000,74.0322,49.2062,65,236,5000,133.697,48.6186,40,60,5000,59.6652,1.82937,0,61,12507501,9.86271,6.11842,1.67493e+07,5000,0,240,6,9.88321e-318,6.904e-310,170,6.36599e-314,1.00639e-317,6.95286e-310,6.36599e-314,170,6.95286e-310,3.2761e-319,240,287
poa-n5000-6.txt,300,10,180,2500,94.7396,49.1939,6,420,5000,199.351,111.368,39,469,5000,277.728,111.089,28,449,5000,78.3762,79.5586,0,64,12507501,13.9923,9.23926,1.33139e+07,5000,0,480,300,9.88321e-318,6.94744e-310,124,6.36599e-314,1.00639e-317,6.95271e-310,6.36599e-314,124,6.95271e-310,3.2761e-319,1320,2679
ber-n5000-4.txt,300,10,180,2500,94.826,48.9635,6,404,5000,168.292,106.939,68,462,5000,298.865,105.996,48,421,5000,130.573,70.1665,0,80,12507501,26.3566,13.4069,9.7562e+06,5000,0,480,300,9.88321e-318,6.89959e-310,375,6.36599e-314,1.00639e-317,6.95326e-310,6.36599e-314,375,6.95326e-310,3.2761e-319,2132,5471
nyc-n5000-3.txt,6,1,6,2500,1.4124,0.851009,1,360,5000,157.742,105.798,113,474,5000,277.535,105.521,84,120,5000,119.793,1.60549,0,83,12507501,10.6464,7.10921,1.72691e+07,5000,0,480,6,9.88321e-318,6.90957e-310,75,6.36599e-314,1.00639e-317,6.95314e-310,6.36599e-314,75,6.95314e-310,3.2761e-319,143,0
ber-n5000-6.txt,300,10,180,2500,94.6384,49.9821,8,396,5000,171.709,113.316,75,460,5000,301.948,112.38,59,432,5000,130.24,72.6592,0,64,12507501,24.5673,14.5839,1.20015e+07,5000,0,480,300,9.88321e-318,6.90362e-310,172,6.36599e-314,1.00639e-317,6.95326e-310,6.36599e-314,172,6.95326e-310,3.2761e-319,1971,823
nyc-n5000-4.txt,6,1,6,2500,1.3596,0.787995,6,450,5000,209.513,126.449,36,473,5000,239.383,126.316,7,30,5000,29.8706,1.17598,0,71,12507501,10.499,6.99696,1.716e+07,5000,0,480,6,9.88321e-318,6.94692e-310,90,6.36599e-314,1.00639e-317,6.95271e-310,6.36599e-314,90,6.95271e-310,3.2761e-319,109,14085
nyc-n5000-1.txt,6,1,6,2500,1.4024,0.939802,1,120,5000,42.4508,31.976,118,236,5000,162.162,31.4839,91,120,5000,119.711,1.70152,0,64,12507501,9.90027,6.09386,1.68299e+07,5000,0,240,6,9.88321e-318,6.94693e-310,146,6.36599e-314,1.00639e-317,6.95319e-310,6.36599e-314,146,6.95319e-310,3.2761e-319,245,0
bar-n5000-3.txt,100,10,60,2500,34.7804,14.5826,2,178,5000,63.5964,47.098,64,233,5000,178.918,42.4829,47,221,5000,115.321,35.5222,0,98,12507501,13.971,6.01551,2.05932e+07,5000,0,240,100,9.88321e-318,6.90867e-310,279,6.36599e-314,1.00639e-317,6.95268e-310,6.36599e-314,279,6.95268e-310,3.2761e-319,4114,269
bar-n5000-5.txt,300,10,180,2500,94.9236,49.9776,2,198,5000,80.9214,53.1803,35,228,5000,152.156,51.6054,16,208,5000,71.2342,42.9093,0,95,12507501,14.1102,6.07621,2.05206e+07,5000,0,240,300,9.88321e-318,6.91371e-310,461,6.36599e-314,1.00639e-317,6.95278e-310,6.36599e-314,461,6.95278e-310,3.2761e-319,2610,20853
poa-n5000-4.txt,100,10,60,2500,35.094,14.8805,3,200,5000,82.619,52.148,36,232,5000,154.314,51.7656,28,220,5000,71.6948,44.1292,0,50,12507501,15.3557,7.48333,1.65855e+07,5000,0,240,100,9.88321e-318,6.89964e-310,234,6.36599e-314,1.00639e-317,6.95288e-310,6.36599e-314,234,6.95288e-310,3.2761e-319,2597,891
bar-n5000-4.txt,100,10,60,2500,35.2072,14.6978,1,197,5000,80.0024,46.6684,32,223,5000,145.251,46.1294,24,191,5000,65.2482,32.8045,0,92,12507501,13.9889,6.05682,1.93661e+07,5000,0,240,100,9.88321e-318,6.92576e-310,668,6.36599e-314,1.00639e-317,6.95314e-310,6.36599e-314,668,6.95314e-310,3.2761e-319,2580,82686
ber-n5000-7.txt,300,10,180,2500,95.446,49.4698,3,200,5000,85.8924,46.4087,38,230,5000,151.977,45.4175,18,208,5000,66.0842,33.782,0,87,12507501,29.1674,12.3277,1.10895e+07,5000,0,240,300,9.88321e-318,6.93005e-310,533,6.36599e-314,1.00639e-317,6.95282e-310,6.36599e-314,533,6.95282e-310,3.2761e-319,2950,249249
bar-n5000-6.txt,300,10,180,2500,94.758,49.3301,1,202,5000,84.1852,56.0119,36,234,5000,151.098,55.2292,25,218,5000,66.9128,38.942,0,40,12507501,14.0532,5.79686,1.98462e+07,5000,0,240,300,9.88321e-318,6.93891e-310,305,6.36599e-314,1.00639e-317,6.95313e-310,6.36599e-314,305,6.95313e-310,3.2761e-319,2306,2434
ber-n5000-1.txt,100,10,60,2500,34.91,14.7756,3,172,5000,68.2352,35.8183,72,224,5000,163.163,34.7243,36,184,5000,94.928,21.5774,0,80,12507501,32.3087,15.7922,1.02204e+07,5000,0,240,100,9.88321e-318,6.90683e-310,825,6.36599e-314,1.00639e-317,6.95288e-310,6.36599e-314,825,6.95288e-310,3.2761e-319,5300,324790
ber-n5000-5.txt,300,10,180,2500,95.2392,49.7794,7,182,5000,77.8608,47.5863,43,218,5000,146.685,47.4067,28,184,5000,68.8238,38.3947,0,47,12507501,16.0919,7.82957,7.41859e+06,5000,0,240,300,9.88321e-318,6.89994e-310,532,6.36599e-314,1.00639e-317,6.9526e-310,6.36599e-314,532,6.9526e-310,3.2761e-319,2733,85380
ber-n5000-3.txt,100,10,60,2500,34.8964,14.652,3,411,5000,173.107,109.046,72,471,5000,307.368,106.483,52,440,5000,134.26,78.1166,0,76,12507501,25.9279,11.4042,9.96349e+06,5000,0,480,100,9.88321e-318,6.93412e-310,234,6.36599e-314,1.00639e-317,6.95304e-310,6.36599e-314,234,6.95304e-310,3.2761e-319,2286,275
bar-n5000-1.txt,100,10,60,2500,34.7564,14.677,1,200,5000,89.0592,56.2243,34,233,5000,154.152,54.5328,27,220,5000,65.0932,36.0711,0,95,12507501,13.2909,6.30599,2.13543e+07,5000,0,240,100,9.88321e-318,6.91669e-310,247,6.36599e-314,1.00639e-317,6.95284e-310,6.36599e-314,247,6.95284e-310,3.2761e-319,2087,997
nyc-n5000-5.txt,6,1,6,2500,1.3716,0.802104,2,420,5000,191.512,120.417,62,475,5000,251.417,120.31,42,60,5000,59.9054,0.933716,0,136,12507501,10.7759,7.19772,2.8842e+07,5000,0,480,6,9.88321e-318,6.94569e-310,81,6.36599e-314,1.00639e-317,6.95292e-310,6.36599e-314,81,6.95292e-310,3.2761e-319,84,680
poa-n5000-7.txt,300,10,180,2500,95.1732,49.4192,3,404,5000,174.426,111.071,64,466,5000,307.668,108.211,48,426,5000,133.241,75.7657,0,72,12507501,21.8574,10.9917,1.89286e+07,5000,0,480,300,9.88321e-318,6.9399e-310,257,6.36599e-314,1.00639e-317,6.95305e-310,6.36599e-314,257,6.95305e-310,3.2761e-319,2025,348
poa-n5000-1.txt,100,10,60,2500,35.2752,14.5615,3,401,5000,162.741,109.588,72,462,5000,314.019,105.994,46,419,5000,151.277,96.6639,0,73,12507501,20.5699,11.1935,1.67345e+07,5000,0,480,100,9.88321e-318,6.91333e-310,328,6.36599e-314,1.00639e-317,6.95251e-310,6.36599e-314,328,6.95251e-310,3.2761e-319,2683,858
ber-n4000-7.txt,300,10,180,2000,95.833,49.2268,2,412,4000,176.28,108.315,69,471,4000,304.001,106.493,48,438,4000,127.721,68.1458,0,90,8006001,29.2159,12.3791,6.50065e+06,4000,0,480,300,9.88321e-318,6.95168e-310,198,6.36599e-314,1.00639e-317,6.95254e-310,6.36599e-314,198,6.95254e-310,3.2761e-319,1718,746
bar-n4000-3.txt,100,10,60,2000,34.593,14.7513,2,441,4000,189.909,133.111,38,473,4000,294.556,130.632,25,457,4000,104.647,124.44,0,35,8006001,12.6966,5.57385,1.18951e+07,4000,0,480,100,9.88321e-318,6.91712e-310,118,6.36599e-314,1.00639e-317,6.95312e-310,6.36599e-314,118,6.95312e-310,3.2761e-319,1501,136
bar-n4000-6.txt,100,10,60,2000,35.2405,14.3716,2,409,4000,169.101,119.43,66,467,4000,303.733,117.584,55,451,4000,134.631,80.5288,0,37,8006001,14.0093,5.81864,1.24843e+07,4000,0,480,100,9.88321e-318,6.90021e-310,169,6.36599e-314,1.00639e-317,6.95316e-310,6.36599e-314,169,6.95316e-310,3.2761e-319,1578,0
nyc-n4000-4.txt,6,1,6,2000,1.3955,0.82001,19,360,4000,159.328,98.2271,139,457,4000,277.838,95.7914,76,120,4000,118.51,5.84983,0,64,8006001,10.7379,7.26406,1.1466e+07,4000,0,480,6,9.88321e-318,6.89955e-310,71,6.36599e-314,1.00639e-317,6.95293e-310,6.36599e-314,71,6.95293e-310,3.2761e-319,365,0
bar-n4000-4.txt,100,10,60,2000,34.8755,14.8585,4,196,4000,84.6368,56.1039,35,232,4000,153.388,55.2734,29,215,4000,68.751,41.3395,0,33,8006001,12.6654,7.10692,1.39189e+07,4000,0,240,100,9.88321e-318,6.94414e-310,168,6.36599e-314,1.00639e-317,6.95314e-310,6.36599e-314,168,6.95314e-310,3.2761e-319,1718,638
poa-n4000-7.txt,100,10,60,2000,35.197,14.8174,16,398,4000,172.184,100.418,86,468,4000,308.559,98.9752,50,411,4000,136.375,78.3656,0,73,8006001,21.7643,10.9606,1.1788e+07,4000,0,480,100,9.88321e-318,6.93786e-310,173,6.36599e-314,1.00639e-317,6.9528e-310,6.36599e-314,173,6.9528e-310,3.2761e-319,1988,11
bar-n4000-2.txt,300,10,180,2000,95.0985,49.2371,2,411,4000,160.033,124.257,66,473,4000,312.092,123.19,56,458,4000,152.06,105.622,0,90,8006001,13.516,6.00243,1.26976e+07,4000,0,480,300,9.88321e-318,6.93991e-310,110,6.36599e-314,1.00639e-317,6.9527e-310,6.36599e-314,110,6.9527e-310,3.2761e-319,1960,0
bar-n4000-1.txt,100,10,60,2000,35.3005,14.6245,1,408,4000,166.062,121.633,66,469,4000,314.816,118.744,56,444,4000,148.754,100.63,0,37,8006001,13.7137,5.82503,1.15884e+07,4000,0,480,100,9.88321e-318,6.93334e-310,171,6.36599e-314,1.00639e-317,6.95309e-310,6.36599e-314,171,6.95309e-310,3.2761e-319,2003,0
poa-n4000-5.txt,100,10,60,2000,35.2875,14.5911,2,200,4000,84.9627,48.1863,35,229,4000,149.75,46.8824,22,207,4000,64.7875,32.9838,0,74,8006001,21.8684,11.0573,1.19891e+07,4000,0,240,100,9.88321e-318,6.94046e-310,488,6.36599e-314,1.00639e-317,6.95289e-310,6.36599e-314,488,6.95289e-310,3.2761e-319,2197,110087
ber-n4000-2.txt,300,10,180,2000,96.3505,49.8009,8,186,4000,81.208,45.2213,42,216,4000,142.656,44.7854,27,187,4000,61.4483,27.7884,0,51,8006001,22.6405,13.4205,4.07774e+06,4000,0,240,300,9.88321e-318,6.93375e-310,460,6.36599e-314,1.00639e-317,6.9531e-310,6.36599e-314,460,6.9531e-310,3.2761e-319,1874,164755
ber-n4000-4.txt,300,10,180,2000,95.158,49.3697,10,391,4000,158.005,111.011,74,454,4000,305.99,110.732,59,419,4000,147.986,95.5999,0,60,8006001,27.3062,19.1187,3.35467e+06,4000,0,480,300,9.88321e-318,6.92987e-310,188,6.36599e-314,1.00639e-317,6.95319e-310,6.36599e-314,188,6.95319e-310,3.2761e-319,2073,3567
ber-n4000-6.txt,100,10,60,2000,34.456,14.897,2,179,4000,68.143,38.1909,63,233,4000,170.767,36.2066,46,203,4000,102.624,23.8159,0,84,8006001,29.2287,12.348,6.53709e+06,4000,0,240,100,9.88321e-318,6.94407e-310,393,6.36599e-314,1.00639e-317,6.95288e-310,6.36599e-314,393,6.95288e-310,3.2761e-319,3475,5412
ber-n4000-5.txt,100,10,60,2000,35.362,14.2316,2,427,4000,193.037,124.361,38,467,4000,280.274,123.567,24,439,4000,87.2378,97.2513,0,70,8006001,25.2426,13.1823,5.60201e+06,4000,0,480,100,9.88321e-318,6.89909e-310,160,6.36599e-314,1.00639e-317,6.95276e-310,6.36599e-314,160,6.95276e-310,3.2761e-319,1191,31892
nyc-n4000-3.txt,6,1,6,2000,1.388,0.908223,1,180,4000,74.078,49.9268,54,234,4000,133.859,49.6296,42,60,4000,59.7807,1.3543,0,64,8006001,10.4317,6.64712,1.11467e+07,4000,0,240,6,9.88321e-318,6.92682e-310,136,6.36599e-314,1.00639e-317,6.95325e-310,6.36599e-314,136,6.95325e-310,3.2761e-319,163,418
nyc-n4000-1.txt,6,1,6,2000,1.389,0.885478,2,210,4000,92.8425,58.3026,32,236,4000,122.689,58.0808,12,30,4000,29.8463,1.09175,0,63,8006001,9.8886,6.27383,1.04721e+07,4000,0,240,6,9.88321e-318,6.90464e-310,145,6.36599e-314,1.00639e-317,6.9527e-310,6.36599e-314,145,6.9527e-310,3.2761e-319,123,11632
poa-n4000-2.txt,300,10,180,2000,94.7415,49.6747,3,193,4000,83.1633,45.2041,37,224,4000,143.696,44.1879,16,201,4000,60.5322,26.6549,0,70,8006001,21.5763,11.5136,1.16361e+07,4000,0,240,300,9.88321e-318,6.90849e-310,629,6.36599e-314,1.00639e-317,6.95286e-310,6.36599e-314,629,6.95286e-310,3.2761e-319,2009,256493
nyc-n4000-5.txt,6,1,6,2000,1.3875,0.829269,2,450,4000,208.86,126.123,32,476,4000,238.762,126.023,11,30,4000,29.9015,1.00002,0,61,8006001,10.5498,6.87198,1.19254e+07,4000,0,480,6,9.88321e-318,6.90641e-310,75,6.36599e-314,1.00639e-317,6.95291e-310,6.36599e-314,75,6.95291e-310,3.2761e-319,66,7515
poa-n4000-3.txt,300,10,180,2000,97.768,48.8167,5,430,4000,184.601,120.403,37,457,4000,285.7,118.973,27,423,4000,101.1,112.75,0,45,8006001,16.1023,8.69098,1.15722e+07,4000,0,480,300,9.88321e-318,6.92974e-310,205,6.36599e-314,1.00639e-317,6.95296e-310,6.36599e-314,205,6.95296e-310,3.2761e-319,1618,15132
ber-n4000-3.txt,100,10,60,2000,34.8345,14.4826,11,392,4000,173.595,108.606,81,457,4000,304.466,106.601,59,423,4000,130.87,72.406,0,48,8006001,18.4891,9.31131,5.09049e+06,4000,0,480,100,9.88321e-318,6.90207e-310,149,6.36599e-314,1.00639e-317,6.95255e-310,6.36599e-314,149,6.95255e-310,3.2761e-319,1661,0
poa-n4000-6.txt,300,10,180,2000,94.4515,48.6469,5,191,4000,84.7018,43.2935,37,222,4000,143.681,42.7487,17,170,4000,58.9795,22.4155,0,73,8006001,21.7888,10.9965,1.19111e+07,4000,0,240,300,9.88321e-318,6.94219e-310,649,6.36599e-314,1.00639e-317,6.95264e-310,6.36599e-314,649,6.95264e-310,3.2761e-319,1887,277127
poa-n4000-1.txt,100,10,60,2000,34.7385,14.5364,4,194,4000,79.238,43.9415,36,221,4000,147.506,43.6863,19,185,4000,68.268,34.6246,0,71,8006001,20.0403,10.0349,1.48244e+07,4000,0,240,100,9.88321e-318,6.90435e-310,611,6.36599e-314,1.00639e-317,6.95265e-310,6.36599e-314,611,6.95265e-310,3.2761e-319,2502,165029
poa-n4000-4.txt,300,10,180,2000,94.8965,50.0958,2,179,4000,64.151,38.1976,68,228,4000,169.204,36.1632,42,208,4000,105.053,27.103,0,74,8006001,21.6614,11.0614,1.20588e+07,4000,0,240,300,9.88321e-318,6.90885e-310,416,6.36599e-314,1.00639e-317,6.95282e-310,6.36599e-314,416,6.95282e-310,3.2761e-319,3658,1010
ber-n4000-1.txt,300,10,180,2000,94.6035,49.2056,2,199,4000,81.3615,45.132,39,221,4000,145.87,44.1597,18,187,4000,64.5083,31.484,0,78,8006001,26.6338,12.2658,6.20939e+06,4000,0,240,300,9.88321e-318,6.89993e-310,686,6.36599e-314,1.00639e-317,6.95324e-310,6.36599e-314,686,6.95324e-310,3.2761e-319,2531,434845
bar-n4000-5.txt,300,10,180,2000,94.1895,50.3777,2,201,4000,84.4128,58.7132,34,234,4000,155.183,57.1763,28,221,4000,70.7705,44.8007,0,87,8006001,10.076,4.6537,1.17192e+07,4000,0,240,300,9.88321e-318,6.90291e-310,165,6.36599e-314,1.00639e-317,6.95293e-310,6.36599e-314,165,6.95293e-310,3.2761e-319,1717,602
nyc-n4000-2.txt,6,1,6,2000,1.416,0.925404,1,180,4000,73.0058,51.8005,59,237,4000,132.809,51.529,43,60,4000,59.8035,1.26107,0,59,8006001,9.92698,6.15318,1.06411e+07,4000,0,240,6,9.88321e-318,6.92422e-310,129,6.36599e-314,1.00639e-317,6.95259e-310,6.36599e-314,129,6.95259e-310,3.2761e-319,148,219
bar-n200-7.txt,300,10,179,100,102.41,50.607,4,427,200,213.345,121.415,58,461,200,303.475,112.221,30,433,200,90.13,104.446,0,30,20301,13.3133,5.61814,31270,200,0,480,300,9.88321e-318,6.91575e-310,15,6.36599e-314,1.00639e-317,6.9526e-310,6.36599e-314,15,6.9526e-310,3.2761e-319,65,42
nyc-n200-4.txt,6,1,6,100,1.49,0.926545,6,358,200,164.675,105.304,126,465,200,284.13,104.511,82,120,200,119.455,3.95426,0,53,20301,11.5646,7.48467,30185,200,0,480,6,9.88321e-318,6.9003e-310,5,6.36599e-314,1.00639e-317,6.95252e-310,6.36599e-314,5,6.95252e-310,3.2761e-319,8,0
nyc-n200-1.txt,6,1,6,100,1.43,0.945537,3,118,200,39.15,29.8365,112,237,200,158.735,29.4088,102,120,200,119.585,2.36235,0,56,20301,10.9261,6.84931,29411,200,0,240,6,9.88321e-318,6.90286e-310,9,6.36599e-314,1.00639e-317,6.95261e-310,6.36599e-314,9,6.95261e-310,3.2761e-319,10,0
nyc-n200-5.txt,6,1,6,100,1.39,0.897753,9,445,200,201.845,121.314,39,469,200,231.635,120.908,15,30,200,29.79,1.51571,0,32,20301,9.89089,5.84298,24952,200,0,480,6,9.88321e-318,6.92867e-310,7,6.36599e-314,1.00639e-317,6.95287e-310,6.36599e-314,7,6.95287e-310,3.2761e-319,5,2
poa-n200-4.txt,300,10,177,100,94.02,48.3992,3,180,200,75.005,51.275,36,229,200,149.595,53.3048,29,215,200,74.59,47.7341,0,49,20301,18.8356,10.7896,23556,200,0,240,300,9.88321e-318,6.92502e-310,11,6.36599e-314,1.00639e-317,6.95329e-310,6.36599e-314,11,6.95329e-310,3.2761e-319,93,15
nyc-n200-3.txt,6,1,6,100,1.31,0.895499,2,180,200,66.75,49.9858,62,234,200,126.51,49.6066,52,60,200,59.76,1.09471,0,53,20301,10.2018,6.77575,34785,200,0,240,6,9.88321e-318,6.92977e-310,10,6.36599e-314,1.00639e-317,6.95257e-310,6.36599e-314,10,6.95257e-310,3.2761e-319,13,3
bar-n200-6.txt,100,10,60,100,32.88,14.4455,6,396,200,164.975,122.204,70,458,200,294.585,117.757,60,429,200,129.61,76.6648,0,22,20301,8.4715,3.64973,35503,200,0,480,100,9.88321e-318,6.91143e-310,10,6.36599e-314,1.00639e-317,6.95303e-310,6.36599e-314,10,6.95303e-310,3.2761e-319,81,0
poa-n200-2.txt,100,10,60,100,36.14,14.9037,10,385,200,185.295,109.649,86,462,200,309.58,106.28,52,415,200,124.285,63.2188,0,66,20301,20.085,11.3942,31982,200,0,480,100,9.88321e-318,6.95093e-310,16,6.36599e-314,1.00639e-317,6.9533e-310,6.36599e-314,16,6.9533e-310,3.2761e-319,88,1
poa-n200-6.txt,100,10,60,100,34.76,15.0817,3,191,200,86.92,46.5641,37,222,200,149.02,44.849,24,178,200,62.1,29.8169,0,61,20301,21.8705,10.6636,30253,200,0,240,100,9.88321e-318,6.9461e-310,36,6.36599e-314,1.00639e-317,6.95298e-310,6.36599e-314,36,6.95298e-310,3.2761e-319,111,601
ber-n200-3.txt,300,10,180,100,90.6,46.0077,4,170,200,60.045,46.9476,71,233,200,176.79,42.5396,60,211,200,116.745,36.017,0,41,20301,14.9416,7.24627,14549,200,0,240,300,9.88321e-318,6.92303e-310,11,6.36599e-314,1.00639e-317,6.95292e-310,6.36599e-314,11,6.95292e-310,3.2761e-319,155,0
nyc-n200-2.txt,6,1,6,100,1.36,0.958956,2,206,200,83.99,60.7524,32,229,200,113.835,60.4537,16,30,200,29.845,1.24043,0,32,20301,9.60903,5.52003,33678,200,0,240,6,9.88321e-318,6.92575e-310,12,6.36599e-314,1.00639e-317,6.95261e-310,6.36599e-314,12,6.95261e-310,3.2761e-319,4,2
ber-n200-4.txt,300,10,179,100,96.72,51.3259,11,399,200,182.82,126.898,85,471,200,310.145,122.074,59,444,200,127.325,72.8204,0,47,20301,21.1029,10.8513,15861,200,0,480,300,9.88321e-318,6.91988e-310,6,6.36599e-314,1.00639e-317,6.95321e-310,6.36599e-314,6,6.95321e-310,3.2761e-319,81,0
poa-n200-7.txt,100,10,60,100,33.25,14.9561,2,422,200,195.29,122.751,55,469,200,298.72,117.369,25,412,200,103.43,114.163,0,58,20301,21.8606,10.6431,28812,200,0,480,100,9.88321e-318,6.91976e-310,15,6.36599e-314,1.00639e-317,6.95295e-310,6.36599e-314,15,6.95295e-310,3.2761e-319,84,49
ber-n200-6.txt,100,10,60,100,34.19,14.2883,6,403,200,173.5,121.286,73,469,200,311.77,118.332,60,435,200,138.27,87.7053,0,82,20301,29.302,12.5494,19901,200,0,480,100,9.88321e-318,6.93239e-310,12,6.36599e-314,1.00639e-317,6.95296e-310,6.36599e-314,12,6.95296e-310,3.2761e-319,103,0
bar-n200-4.txt,300,10,179,100,91.73,48.963,3,161,200,61.985,47.2667,67,227,200,175.005,42.9668,61,209,200,113.02,32.1155,0,25,20301,9.69154,4.80217,32850,200,0,240,300,9.88321e-318,6.94418e-310,16,6.36599e-314,1.00639e-317,6.95271e-310,6.36599e-314,16,6.95271e-310,3.2761e-319,148,0
poa-n200-5.txt,300,11,177,100,97.13,46.5359,10,161,200,65.255,38.9641,80,231,200,169.85,37.2066,54,178,200,104.595,27.1251,0,62,20301,22.1916,10.8606,28291,200,0,240,300,9.88321e-318,6.94903e-310,19,6.36599e-314,1.00639e-317,6.9532e-310,6.36599e-314,19,6.9532e-310,3.2761e-319,173,1
ber-n200-5.txt,300,10,180,100,91.45,48.0831,7,190,200,87.52,48.1217,50,220,200,147.085,45.8086,15,167,200,59.565,28.2998,0,70,20301,29.8605,12.4679,18987,200,0,240,300,9.88321e-318,6.94046e-310,37,6.36599e-314,1.00639e-317,6.95279e-310,6.36599e-314,37,6.95279e-310,3.2761e-319,115,1012
bar-n200-5.txt,100,10,60,100,33.23,15.5179,3,392,200,153.675,126.602,66,471,200,296.065,128.898,61,453,200,142.39,96.5097,0,25,20301,9.10738,3.89344,40453,200,0,480,100,9.88321e-318,6.94978e-310,5,6.36599e-314,1.00639e-317,6.95258e-310,6.36599e-314,5,6.95258e-310,3.2761e-319,90,0
bar-n200-2.txt,300,12,177,100,89.92,52.5449,9,182,200,81.905,50.7427,50,215,200,150.175,45.9119,29,187,200,68.27,40.2123,0,30,20301,13.5151,5.71006,32792,200,0,240,300,9.88321e-318,6.9502e-310,30,6.36599e-314,1.00639e-317,6.9526e-310,6.36599e-314,30,6.9526e-310,3.2761e-319,128,263
poa-n200-3.txt,100,10,60,100,35.06,13.5861,10,145,200,68.375,33.7154,77,215,200,169.17,28.3792,59,181,200,100.795,23.5247,0,45,20301,15.5188,7.94056,25089,200,0,240,100,9.88321e-318,6.91952e-310,26,6.36599e-314,1.00639e-317,6.95261e-310,6.36599e-314,26,6.95261e-310,3.2761e-319,156,0
bar-n200-1.txt,100,10,60,100,34.32,14.7175,2,183,200,76.77,50.6868,32,220,200,147.995,49.8635,28,193,200,71.225,41.3345,0,34,20301,13.4612,5.81197,31086,200,0,240,100,9.88321e-318,6.90787e-310,27,6.36599e-314,1.00639e-317,6.95285e-310,6.36599e-314,27,6.95285e-310,3.2761e-319,113,94
ber-n200-2.txt,300,11,178,100,87.27,45.6068,13,417,200,187.88,121.394,62,464,200,276.16,120.997,30,431,200,88.28,98.0812,0,72,20301,27.2103,11.816,13017,200,0,480,300,9.88321e-318,6.94642e-310,16,6.36599e-314,1.00639e-317,6.95275e-310,6.36599e-314,16,6.95275e-310,3.2761e-319,69,181
bar-n200-3.txt,100,10,60,100,35.01,15.3238,3,429,200,190.51,132.003,45,466,200,295.575,129.123,32,432,200,105.065,121.884,0,29,20301,12.7917,5.78973,28764,200,0,480,100,9.88321e-318,6.9504e-310,10,6.36599e-314,1.00639e-317,6.95258e-310,6.36599e-314,10,6.95258e-310,3.2761e-319,76,0
poa-n200-1.txt,300,10,180,100,97.11,49.9513,4,193,200,77.75,49.3695,40,222,200,137.31,49.8721,28,189,200,59.56,26.4732,0,67,20301,18.4067,10.4464,32396,200,0,240,300,9.88321e-318,6.91591e-310,30,6.36599e-314,1.00639e-317,6.95286e-310,6.36599e-314,30,6.95286e-310,3.2761e-319,96,366
ber-n200-1.txt,300,11,168,100,80.28,46.13,5,155,200,62.67,36.7153,83,219,200,163.175,33.6498,48,176,200,100.505,24.9633,0,71,20301,28.0209,12.7699,17899,200,0,240,300,9.88321e-318,6.90537e-310,35,6.36599e-314,1.00639e-317,6.95324e-310,6.36599e-314,35,6.95324e-310,3.2761e-319,215,139
bar-n600-4.txt,300,10,179,300,96.6433,47.8229,3,191,600,87.2233,53.8774,35,224,600,154.135,50.7777,29,201,600,66.9117,37.7923,0,29,180901,11.1781,5.39638,244739,600,0,240,300,9.88321e-318,6.93925e-310,65,6.36599e-314,1.00639e-317,6.9528e-310,6.36599e-314,65,6.9528e-310,3.2761e-319,275,462
nyc-n600-2.txt,6,1,5,300,1.32667,0.749552,2,210,600,91.555,58.0945,32,235,600,121.355,57.7961,19,30,600,29.8,1.15132,0,33,180901,9.5648,5.76713,219565,600,0,240,6,9.88321e-318,6.94935e-310,26,6.36599e-314,1.00639e-317,6.95282e-310,6.36599e-314,26,6.95282e-310,3.2761e-319,27,145
bar-n600-6.txt,100,10,60,300,34.9,15.0871,5,427,600,181.558,124.103,40,460,600,276.643,124.509,30,426,600,95.085,108.662,0,35,180901,14.0236,5.8568,287078,600,0,480,100,9.88321e-318,6.92618e-310,38,6.36599e-314,1.00639e-317,6.9531e-310,6.36599e-314,38,6.9531e-310,3.2761e-319,218,172
ber-n600-4.txt,300,10,180,300,96.3667,49.0755,3,191,600,89.7983,44.8134,41,225,600,147.635,43.6299,20,177,600,57.8367,22.1315,0,76,180901,28.8015,12.1798,163969,600,0,240,300,9.88321e-318,6.95103e-310,100,6.36599e-314,1.00639e-317,6.95263e-310,6.36599e-314,100,6.95263e-310,3.2761e-319,328,8564
poa-n600-4.txt,100,10,60,300,35.3533,14.9008,9,392,600,163.362,117.944,75,458,600,302.305,115.953,60,427,600,138.943,85.3856,0,48,180901,15.5946,8.78739,205194,600,0,480,100,9.88321e-318,6.9501e-310,30,6.36599e-314,1.00639e-317,6.95261e-310,6.36599e-314,30,6.95261e-310,3.2761e-319,274,4
poa-n600-7.txt,100,10,60,300,35.6467,14.7336,3,192,600,83.1067,47.888,38,224,600,148.432,45.8868,23,205,600,65.325,34.0999,0,63,180901,21.5575,10.6332,274999,600,0,240,100,9.88321e-318,6.94323e-310,80,6.36599e-314,1.00639e-317,6.95309e-310,6.36599e-314,80,6.95309e-310,3.2761e-319,331,2382
nyc-n600-3.txt,6,1,6,300,1.38,0.889703,2,180,600,78.5883,50.2579,60,233,600,138.222,49.964,41,60,600,59.6333,1.81964,0,62,180901,11.0241,7.10682,242060,600,0,240,6,9.88321e-318,6.91723e-310,25,6.36599e-314,1.00639e-317,6.95332e-310,6.36599e-314,25,6.95332e-310,3.2761e-319,46,28
bar-n600-5.txt,300,11,180,300,94.7467,49.7807,2,434,600,181.283,128.31,42,472,600,287.773,128.832,30,459,600,106.49,126.939,0,30,180901,12.7021,5.92797,271371,600,0,480,300,9.88321e-318,6.94392e-310,17,6.36599e-314,1.00639e-317,6.95263e-310,6.36599e-314,17,6.95263e-310,3.2761e-319,214,2
poa-n600-5.txt,300,12,180,300,92.69,49.7033,1,432,600,182.61,134.472,36,467,600,285.97,133.731,30,443,600,103.36,122.131,0,45,180901,16.0804,8.71441,227118,600,0,480,300,9.88321e-318,6.93284e-310,25,6.36599e-314,1.00639e-317,6.95322e-310,6.36599e-314,25,6.95322e-310,3.2761e-319,236,54
bar-n600-7.txt,300,11,179,300,91.79,48.6265,3,431,600,187.277,129.571,36,462,600,288.673,126.766,30,426,600,101.397,117,0,34,180901,14.1943,5.83431,296727,600,0,480,300,9.88321e-318,6.90512e-310,37,6.36599e-314,1.00639e-317,6.95284e-310,6.36599e-314,37,6.95284e-310,3.2761e-319,227,307
ber-n600-3.txt,100,10,60,300,34.68,14.4818,7,421,600,191.643,114.68,43,458,600,268.145,114.983,30,429,600,76.5017,75.9552,0,60,180901,26.0929,15.897,65033,600,0,480,100,9.88321e-318,6.92652e-310,34,6.36599e-314,1.00639e-317,6.95317e-310,6.36599e-314,34,6.95317e-310,3.2761e-319,144,1782
poa-n600-6.txt,100,10,60,300,34.55,13.9608,5,157,600,62.9733,32.8777,75,220,600,162.535,32.2743,59,172,600,99.5617,21.03,0,70,180901,21.1942,10.7654,247169,600,0,240,100,9.88321e-318,6.89835e-310,93,6.36599e-314,1.00639e-317,6.95314e-310,6.36599e-314,93,6.95314e-310,3.2761e-319,547,123
ber-n600-2.txt,100,10,60,300,35.39,15.1584,25,175,600,88.6133,44.0487,60,210,600,151.46,44.0654,27,169,600,62.8467,30.5337,0,62,180901,28.1631,16.8681,137455,600,0,240,100,9.88321e-318,6.93575e-310,36,6.36599e-314,1.00639e-317,6.953e-310,6.36599e-314,36,6.953e-310,3.2761e-319,307,1762
nyc-n600-1.txt,6,1,6,300,1.38,0.83542,2,210,600,90.5733,57.7444,32,235,600,120.34,57.3143,13,30,600,29.7667,1.51307,0,39,180901,10.248,6.19844,245327,600,0,240,6,9.88321e-318,6.89909e-310,27,6.36599e-314,1.00639e-317,6.95277e-310,6.36599e-314,27,6.95277e-310,3.2761e-319,18,276
nyc-n600-5.txt,6,1,5,300,1.31333,0.709578,1,420,600,191.908,118.777,61,466,600,251.7,118.457,43,60,600,59.7917,1.40174,0,59,180901,11.0871,7.23791,273710,600,0,480,6,9.88321e-318,6.91652e-310,14,6.36599e-314,1.00639e-317,6.95272e-310,6.36599e-314,14,6.95272e-310,3.2761e-319,20,2
nyc-n600-4.txt,6,1,6,300,1.36333,0.739241,3,360,600,165.738,105.925,114,475,600,285.547,105.944,96,120,600,119.808,1.62768,0,59,180901,10.9374,7.39723,261415,600,0,480,6,9.88321e-318,6.91866e-310,12,6.36599e-314,1.00639e-317,6.95332e-310,6.36599e-314,12,6.95332e-310,3.2761e-319,16,0
bar-n600-1.txt,300,10,180,300,95.9333,49.3429,2,168,600,58.0933,43.3966,68,228,600,172.887,40.0839,60,203,600,114.793,30.2818,0,33,180901,12.6637,5.44832,294050,600,0,240,300,9.88321e-318,6.94462e-310,50,6.36599e-314,1.00639e-317,6.95311e-310,6.36599e-314,50,6.95311e-310,3.2761e-319,450,0
poa-n600-1.txt,300,10,180,300,91.3467,49.6826,10,154,600,62.085,35.5589,74,223,600,171.043,32.1397,56,180,600,108.958,27.591,0,70,180901,18.25,9.5113,259258,600,0,240,300,9.88321e-318,6.90323e-310,66,6.36599e-314,1.00639e-317,6.95297e-310,6.36599e-314,66,6.95297e-310,3.2761e-319,540,0
bar-n600-2.txt,100,10,60,300,35.02,14.5744,3,404,600,165.888,122.933,66,467,600,324.462,117.894,60,445,600,158.573,110.196,0,32,180901,13.3379,5.66865,267357,600,0,480,100,9.88321e-318,6.93524e-310,28,6.36599e-314,1.00639e-317,6.95262e-310,6.36599e-314,28,6.95262e-310,3.2761e-319,313,0
ber-n600-1.txt,100,10,60,300,33.7733,14.3348,3,170,600,69.7817,41.7485,67,233,600,170.213,37.9598,46,196,600,100.432,25.7393,0,71,180901,28.0613,12.7209,133757,600,0,240,100,9.88321e-318,6.93294e-310,63,6.36599e-314,1.00639e-317,6.95312e-310,6.36599e-314,63,6.95312e-310,3.2761e-319,497,182
poa-n600-3.txt,300,10,180,300,97.1133,48.5827,3,166,600,68.33,48.7453,69,232,600,179.843,42.6956,60,216,600,111.513,31.6711,0,37,180901,15.1965,7.80805,156042,600,0,240,300,9.88321e-318,6.91627e-310,27,6.36599e-314,1.00639e-317,6.95278e-310,6.36599e-314,27,6.95278e-310,3.2761e-319,409,0
ber-n600-6.txt,100,10,60,300,34.7233,14.8288,4,422,600,192.82,113.438,60,461,600,277.163,112.004,24,399,600,84.3433,87.0369,0,79,180901,29.1816,12.2879,124605,600,0,480,100,9.88321e-318,6.91342e-310,51,6.36599e-314,1.00639e-317,6.95292e-310,6.36599e-314,51,6.95292e-310,3.2761e-319,192,2041
bar-n600-3.txt,300,11,180,300,93.6233,50.3975,4,408,600,173.16,119.43,73,468,600,304.377,118.056,60,433,600,131.217,72.399,0,33,180901,12.9147,5.86321,274747,600,0,480,300,9.88321e-318,6.902e-310,27,6.36599e-314,1.00639e-317,6.95291e-310,6.36599e-314,27,6.95291e-310,3.2761e-319,215,0
poa-n600-2.txt,100,10,60,300,36.0033,14.6112,6,392,600,154.277,111.867,75,461,600,304.873,112.556,61,434,600,150.597,98.7991,0,60,180901,17.1643,8.67043,279290,600,0,480,100,9.88321e-318,6.93856e-310,32,6.36599e-314,1.00639e-317,6.95302e-310,6.36599e-314,32,6.95302e-310,3.2761e-319,298,0
ber-n600-5.txt,100,10,60,300,35.7367,15.0992,3,395,600,171.038,113.95,77,467,600,313.133,111.616,53,418,600,142.095,89.6867,0,74,180901,29.3372,12.3518,142458,600,0,480,100,9.88321e-318,6.92676e-310,43,6.36599e-314,1.00639e-317,6.95332e-310,6.36599e-314,43,6.95332e-310,3.2761e-319,312,43
bar-n1500-3.txt,300,10,180,750,94.6947,48.909,2,196,1500,75.3393,55.0959,33,228,1500,150.107,55.734,29,215,1500,74.7673,48.1986,0,27,1127251,10.4641,4.69165,1.54785e+06,1500,0,240,300,9.88321e-318,6.93757e-310,104,6.36599e-314,1.00639e-317,6.95294e-310,6.36599e-314,104,6.95294e-310,3.2761e-319,771,214
nyc-n1500-1.txt,6,1,6,750,1.43867,1.03134,8,122,1500,52.6287,24.2588,128,227,1500,170.845,20.9101,85,120,1500,118.217,5.58843,0,35,1127251,9.94269,6.04362,1.55958e+06,1500,0,240,6,9.88321e-318,6.94162e-310,53,6.36599e-314,1.00639e-317,6.95334e-310,6.36599e-314,53,6.95334e-310,3.2761e-319,212,0
bar-n1500-7.txt,300,10,180,750,94.752,49.4835,2,441,1500,195.202,131.002,37,473,1500,288.711,128.805,22,461,1500,93.5087,110.954,0,38,1127251,13.9538,5.81463,1.81605e+06,1500,0,480,300,9.88321e-318,6.90614e-310,50,6.36599e-314,1.00639e-317,6.95325e-310,6.36599e-314,50,6.95325e-310,3.2761e-319,486,73
poa-n1500-6.txt,300,10,180,750,93.3027,49.2251,4,166,1500,63.9567,35.7558,76,226,1500,169.209,33.6939,47,186,1500,105.253,25.2535,0,73,1127251,21.6629,10.7767,1.7381e+06,1500,0,240,300,9.88321e-318,6.90008e-310,167,6.36599e-314,1.00639e-317,6.95269e-310,6.36599e-314,167,6.95269e-310,3.2761e-319,1424,162
ber-n1500-5.txt,300,10,180,750,93.7667,50.6308,5,197,1500,85.354,45.0843,40,226,1500,147.793,44.593,15,185,1500,62.4387,28.4615,0,76,1127251,29.1392,12.3038,934099,1500,0,240,300,9.88321e-318,6.934e-310,228,6.36599e-314,1.00639e-317,6.95269e-310,6.36599e-314,228,6.95269e-310,3.2761e-319,790,46326
poa-n1500-4.txt,300,10,180,750,91.252,50.1749,1,200,1500,81.512,55.6812,34,233,1500,151.376,56.0406,29,214,1500,69.864,43.2268,0,51,1127251,13.7053,7.40454,1.74542e+06,1500,0,240,300,9.88321e-318,6.91208e-310,73,6.36599e-314,1.00639e-317,6.9531e-310,6.36599e-314,73,6.9531e-310,3.2761e-319,742,340
ber-n1500-4.txt,300,10,180,750,94.3547,49.1673,4,428,1500,203.776,121.54,45,468,1500,280.447,120.675,30,442,1500,76.6707,79.9912,0,69,1127251,26.3346,13.2349,627281,1500,0,480,300,9.88321e-318,6.94591e-310,45,6.36599e-314,1.00639e-317,6.95267e-310,6.36599e-314,45,6.95267e-310,3.2761e-319,364,1357
bar-n1500-1.txt,300,10,180,750,93.7547,50.6792,2,198,1500,82.5873,56.1059,36,234,1500,158.453,53.8044,30,216,1500,75.866,49.3714,0,36,1127251,12.5126,5.6376,1.61519e+06,1500,0,240,300,9.88321e-318,6.90428e-310,96,6.36599e-314,1.00639e-317,6.95312e-310,6.36599e-314,96,6.95312e-310,3.2761e-319,792,70
bar-n1500-5.txt,100,10,60,750,35.832,14.7102,3,172,1500,63.67,46.9365,67,233,1500,178.528,42.1841,56,214,1500,114.858,34.8441,0,39,1127251,13.8787,5.79295,1.92108e+06,1500,0,240,100,9.88321e-318,6.92573e-310,89,6.36599e-314,1.00639e-317,6.95312e-310,6.36599e-314,89,6.95312e-310,3.2761e-319,1233,0
bar-n1500-6.txt,300,10,180,750,97.1587,47.7776,3,189,1500,85.1113,50.8117,34,224,1500,147.765,49.3932,16,198,1500,62.6533,29.9771,0,94,1127251,14.3537,6.31959,1.73e+06,1500,0,240,300,9.88321e-318,6.91817e-310,205,6.36599e-314,1.00639e-317,6.9527e-310,6.36599e-314,205,6.9527e-310,3.2761e-319,676,9884
poa-n1500-5.txt,300,10,180,750,94.3693,49.4129,1,438,1500,185.783,135.513,38,473,1500,285.637,135.368,29,459,1500,99.8547,119.662,0,52,1127251,12.6383,5.69253,1.73578e+06,1500,0,480,300,9.88321e-318,6.92133e-310,36,6.36599e-314,1.00639e-317,6.95296e-310,6.36599e-314,36,6.95296e-310,3.2761e-319,504,47
ber-n1500-7.txt,300,10,180,750,92.8187,49.5769,2,402,1500,174.963,106.17,75,461,1500,301.545,103.576,49,423,1500,126.583,64.1082,0,85,1127251,29.9315,12.6631,879284,1500,0,480,300,9.88321e-318,6.93833e-310,128,6.36599e-314,1.00639e-317,6.95277e-310,6.36599e-314,128,6.95277e-310,3.2761e-319,634,1177
nyc-n1500-5.txt,6,1,6,750,1.36267,0.781422,1,420,1500,188.666,120.775,61,473,1500,248.56,120.63,46,60,1500,59.894,0.974712,0,58,1127251,10.2413,6.86026,1.57087e+06,1500,0,480,6,9.88321e-318,6.92224e-310,27,6.36599e-314,1.00639e-317,6.95286e-310,6.36599e-314,27,6.95286e-310,3.2761e-319,28,16
nyc-n1500-4.txt,6,1,6,750,1.40933,0.824633,4,448,1500,210.566,124.337,34,473,1500,240.457,124.273,15,30,1500,29.8907,1.00899,0,56,1127251,10.7746,7.4803,1.57814e+06,1500,0,480,6,9.88321e-318,6.9203e-310,33,6.36599e-314,1.00639e-317,6.953e-310,6.36599e-314,33,6.953e-310,3.2761e-319,32,1748
poa-n1500-1.txt,100,10,60,750,35.568,14.7655,5,168,1500,66.6973,33.4616,72,226,1500,167.511,31.3549,48,176,1500,100.814,23.175,0,64,1127251,19.778,10.7242,1.65663e+06,1500,0,240,100,9.88321e-318,6.92304e-310,172,6.36599e-314,1.00639e-317,6.95324e-310,6.36599e-314,172,6.95324e-310,3.2761e-319,1388,106
bar-n1500-4.txt,300,10,180,750,92.1187,49.4276,1,401,1500,163.399,122.569,65,464,1500,315.363,118.334,59,443,1500,151.964,103.864,0,25,1127251,9.00344,4.09416,1.46152e+06,1500,0,480,300,9.88321e-318,6.90958e-310,68,6.36599e-314,1.00639e-317,6.95334e-310,6.36599e-314,68,6.95334e-310,3.2761e-319,693,0
bar-n1500-2.txt,100,10,60,750,34.8733,14.7164,4,438,1500,187.594,128.024,38,469,1500,287.87,127.603,23,437,1500,100.276,116.32,0,35,1127251,14.4336,5.84073,1.98152e+06,1500,0,480,100,9.88321e-318,6.9238e-310,70,6.36599e-314,1.00639e-317,6.95328e-310,6.36599e-314,70,6.95328e-310,3.2761e-319,578,312
ber-n1500-6.txt,100,10,60,750,33.6427,14.7432,4,393,1500,172.1,108.36,70,462,1500,300.336,105.79,52,426,1500,128.236,67.1394,0,78,1127251,29.221,12.3208,1.00072e+06,1500,0,480,100,9.88321e-318,6.95062e-310,122,6.36599e-314,1.00639e-317,6.95317e-310,6.36599e-314,122,6.95317e-310,3.2761e-319,629,833
nyc-n1500-2.txt,6,1,6,750,1.412,0.916903,1,210,1500,92.9533,56.586,30,235,1500,122.83,56.3812,15,30,1500,29.8767,0.944131,0,60,1127251,10.1938,6.48916,1.56891e+06,1500,0,240,6,9.88321e-318,6.92776e-310,64,6.36599e-314,1.00639e-317,6.95329e-310,6.36599e-314,64,6.95329e-310,3.2761e-319,38,1986
ber-n1500-1.txt,100,10,60,750,35.4547,14.3095,5,163,1500,68.506,33.1389,76,225,1500,166.2,32.1792,51,165,1500,97.694,20.3475,0,79,1127251,29.2212,12.7644,1.01035e+06,1500,0,240,100,9.88321e-318,6.91382e-310,210,6.36599e-314,1.00639e-317,6.95269e-310,6.36599e-314,210,6.95269e-310,3.2761e-319,1442,2547
ber-n1500-2.txt,100,10,60,750,35.8027,14.7762,10,389,1500,161.024,104.629,75,457,1500,302.452,104.348,60,424,1500,141.428,86.1298,0,57,1127251,21.8703,12.6309,526651,1500,0,480,100,9.88321e-318,6.94967e-310,74,6.36599e-314,1.00639e-317,6.95259e-310,6.36599e-314,74,6.95259e-310,3.2761e-319,719,0
ber-n1500-3.txt,100,10,60,750,34.624,14.8437,6,421,1500,200.353,117.722,38,456,1500,280.653,116.457,30,427,1500,80.3,85.2423,0,65,1127251,25.0996,16.3346,710832,1500,0,480,100,9.88321e-318,6.94865e-310,83,6.36599e-314,1.00639e-317,6.95324e-310,6.36599e-314,83,6.95324e-310,3.2761e-319,458,11537
poa-n1500-2.txt,100,10,60,750,35.912,14.8635,1,201,1500,83.3907,41.3792,35,222,1500,147.338,40.0523,20,196,1500,63.9473,28.7976,0,66,1127251,21.6031,12.4888,1.54219e+06,1500,0,240,100,9.88321e-318,6.93951e-310,261,6.36599e-314,1.00639e-317,6.953e-310,6.36599e-314,261,6.953e-310,3.2761e-319,950,32027
nyc-n1500-3.txt,6,1,6,750,1.43467,0.955833,3,180,1500,73.0887,50.451,62,233,1500,132.661,49.7435,39,60,1500,59.5727,2.19331,0,56,1127251,9.94583,6.25757,1.63415e+06,1500,0,240,6,9.88321e-318,6.90227e-310,55,6.36599e-314,1.00639e-317,6.95319e-310,6.36599e-314,55,6.95319e-310,3.2761e-319,78,38
poa-n1500-3.txt,100,10,60,750,34.3173,14.7691,4,401,1500,166.897,107.85,65,466,1500,308.627,106.204,52,446,1500,141.73,87.1309,0,71,1127251,21.4841,11.5859,1.68821e+06,1500,0,480,100,9.88321e-318,6.92983e-310,86,6.36599e-314,1.00639e-317,6.95317e-310,6.36599e-314,86,6.95317e-310,3.2761e-319,738,11
ber-n3000-4.txt,300,10,180,1500,96.548,48.3922,5,189,3000,84.2303,48.2484,35,224,3000,147.854,47.7909,25,198,3000,63.6233,32.3143,0,74,4504501,27.2441,13.2571,3.31087e+06,3000,0,240,300,9.88321e-318,6.94692e-310,281,6.36599e-314,1.00639e-317,6.95314e-310,6.36599e-314,281,6.95314e-310,3.2761e-319,1450,79633
ber-n3000-7.txt,100,10,60,1500,35.0007,14.5467,4,198,3000,86.6473,43.4401,36,222,3000,145.329,42.4,19,172,3000,58.682,23.2669,0,83,4504501,29.1677,12.3289,3.77424e+06,3000,0,240,100,9.88321e-318,6.95247e-310,575,6.36599e-314,1.00639e-317,6.95301e-310,6.36599e-314,575,6.95301e-310,3.2761e-319,1631,360189
poa-n3000-2.txt,100,10,60,1500,35.2733,14.7977,5,393,3000,162.102,111.437,72,459,3000,309.378,108.124,49,419,3000,147.276,94.0571,0,71,4504501,19.4957,10.8022,6.57582e+06,3000,0,480,100,9.88321e-318,6.90732e-310,193,6.36599e-314,1.00639e-317,6.95301e-310,6.36599e-314,193,6.95301e-310,3.2761e-319,1507,220
nyc-n3000-2.txt,6,1,6,1500,1.41933,0.910703,1,180,3000,74.5057,51.9172,61,236,3000,134.282,51.5872,42,60,3000,59.7763,1.3756,0,58,4504501,9.80658,5.99888,6.14458e+06,3000,0,240,6,9.88321e-318,6.934e-310,96,6.36599e-314,1.00639e-317,6.95319e-310,6.36599e-314,96,6.95319e-310,3.2761e-319,129,101
poa-n3000-5.txt,100,10,60,1500,34.9007,14.7544,1,171,3000,65.497,39.3576,64,234,3000,170.797,37.1859,47,218,3000,105.3,25.0154,0,71,4504501,21.5945,10.8859,6.8587e+06,3000,0,240,100,9.88321e-318,6.95173e-310,238,6.36599e-314,1.00639e-317,6.95313e-310,6.36599e-314,238,6.95313e-310,3.2761e-319,2391,154
nyc-n3000-1.txt,6,1,6,1500,1.448,0.977718,1,136,3000,42.691,32.3748,113,234,3000,162.168,31.5164,78,120,3000,119.477,2.53066,0,63,4504501,10.1123,6.41712,6.52994e+06,3000,0,240,6,9.88321e-318,6.90585e-310,91,6.36599e-314,1.00639e-317,6.95328e-310,6.36599e-314,91,6.95328e-310,3.2761e-319,212,0
ber-n3000-6.txt,300,10,180,1500,96.6827,49.1406,9,422,3000,199.38,122.473,43,458,3000,276.45,121.464,30,429,3000,77.0693,80.9173,0,68,4504501,27.025,14.2961,2.67456e+06,3000,0,480,300,9.88321e-318,6.9037e-310,111,6.36599e-314,1.00639e-317,6.95318e-310,6.36599e-314,111,6.95318e-310,3.2761e-319,808,18672
bar-n3000-3.txt,300,10,180,1500,95.8113,49.1695,6,402,3000,176.442,119.885,72,467,3000,307.131,118.004,58,443,3000,130.69,74.9577,0,92,4504501,11.8557,5.95432,7.737e+06,3000,0,480,300,9.88321e-318,6.94326e-310,63,6.36599e-314,1.00639e-317,6.9532e-310,6.36599e-314,63,6.9532e-310,3.2761e-319,1112,0
poa-n3000-3.txt,100,10,60,1500,34.766,14.6232,4,155,3000,60.5957,37.6917,74,222,3000,168.958,34.2667,58,180,3000,108.362,28.738,0,63,4504501,21.2328,10.9967,5.95027e+06,3000,0,240,100,9.88321e-318,6.90605e-310,323,6.36599e-314,1.00639e-317,6.95256e-310,6.36599e-314,323,6.95256e-310,3.2761e-319,2758,2937
ber-n3000-5.txt,100,10,60,1500,35.3807,14.8489,18,384,3000,169.764,108.81,79,446,3000,301.53,107.271,59,402,3000,131.766,73.2965,0,67,4504501,25.3925,13.869,3.95556e+06,3000,0,480,100,9.88321e-318,6.90519e-310,148,6.36599e-314,1.00639e-317,6.95255e-310,6.36599e-314,148,6.95255e-310,3.2761e-319,1269,755
bar-n3000-1.txt,100,10,60,1500,35.1813,14.4773,4,406,3000,175.368,110.28,78,459,3000,302.631,107.723,53,420,3000,127.263,65.3887,0,37,4504501,13.575,6.01352,7.25836e+06,3000,0,480,100,9.88321e-318,6.90737e-310,177,6.36599e-314,1.00639e-317,6.95264e-310,6.36599e-314,177,6.95264e-310,3.2761e-319,1119,0
nyc-n3000-4.txt,6,1,6,1500,1.38,0.808312,2,450,3000,210.736,124.885,25,472,3000,240.624,124.814,10,30,3000,29.888,1.11947,0,63,4504501,10.6539,7.07456,7.21015e+06,3000,0,480,6,9.88321e-318,6.90667e-310,60,6.36599e-314,1.00639e-317,6.95281e-310,6.36599e-314,60,6.95281e-310,3.2761e-319,51,4522
ber-n3000-1.txt,100,10,60,1500,35.432,14.9576,4,161,3000,63.6467,38.0703,73,229,3000,169.482,34.8805,44,193,3000,105.835,27.0168,0,85,4504501,25.3256,11.6752,3.27254e+06,3000,0,240,100,9.88321e-318,6.94645e-310,366,6.36599e-314,1.00639e-317,6.95294e-310,6.36599e-314,366,6.95294e-310,3.2761e-319,2833,4165
ber-n3000-3.txt,300,10,180,1500,95.4653,48.7196,7,400,3000,170.007,108.214,71,459,3000,305.925,104.848,50,420,3000,135.918,78.6057,0,79,4504501,29.5247,13.9326,3.46524e+06,3000,0,480,300,9.88321e-318,6.92258e-310,234,6.36599e-314,1.00639e-317,6.95324e-310,6.36599e-314,234,6.95324e-310,3.2761e-319,1451,4574
bar-n3000-6.txt,100,10,60,1500,34.6407,14.8047,3,442,3000,198.34,128.078,36,473,3000,281.038,127.29,26,448,3000,82.698,92.5868,0,92,4504501,13.8344,5.94612,6.90132e+06,3000,0,480,100,9.88321e-318,6.95083e-310,96,6.36599e-314,1.00639e-317,6.95302e-310,6.36599e-314,96,6.95302e-310,3.2761e-319,756,308
poa-n3000-1.txt,100,10,60,1500,34.5487,14.7921,4,187,3000,84.0943,43.7497,47,221,3000,143.519,43.3198,21,178,3000,59.425,23.5481,0,72,4504501,20.0429,10.3685,6.25755e+06,3000,0,240,100,9.88321e-318,6.91123e-310,483,6.36599e-314,1.00639e-317,6.95318e-310,6.36599e-314,483,6.95318e-310,3.2761e-319,1412,114862
bar-n3000-5.txt,300,10,180,1500,95.224,49.066,2,200,3000,89.5377,55.0662,37,233,3000,153.157,53.2791,27,214,3000,63.619,32.9374,0,34,4504501,13.9215,5.69761,7.14592e+06,3000,0,240,300,9.88321e-318,6.92302e-310,197,6.36599e-314,1.00639e-317,6.95307e-310,6.36599e-314,197,6.95307e-310,3.2761e-319,1205,676
ber-n3000-2.txt,300,10,180,1500,95.038,49.7918,2,169,3000,67.9373,39.177,66,234,3000,171.142,36.3243,47,214,3000,103.204,25.5212,0,78,4504501,28.7715,12.5757,3.60964e+06,3000,0,240,300,9.88321e-318,6.93962e-310,278,6.36599e-314,1.00639e-317,6.95326e-310,6.36599e-314,278,6.95326e-310,3.2761e-319,2630,3107
poa-n3000-6.txt,300,10,180,1500,95.2467,49.0406,6,198,3000,84.826,48.7945,36,233,3000,155.976,47.0037,17,197,3000,71.1497,40.6463,0,70,4504501,21.9506,11.0306,7.07962e+06,3000,0,240,300,9.88321e-318,6.91813e-310,264,6.36599e-314,1.00639e-317,6.95291e-310,6.36599e-314,264,6.95291e-310,3.2761e-319,1757,18381
bar-n3000-7.txt,300,10,180,1500,93.452,48.7382,3,446,3000,203.447,126.138,35,473,3000,282.617,124.828,23,447,3000,79.1703,86.0653,0,35,4504501,14.0698,5.81955,7.14012e+06,3000,0,480,300,9.88321e-318,6.90927e-310,97,6.36599e-314,1.00639e-317,6.95304e-310,6.36599e-314,97,6.95304e-310,3.2761e-319,701,150
nyc-n3000-3.txt,6,1,6,1500,1.42333,0.856706,3,360,3000,161.918,102.707,123,474,3000,281.362,101.8,93,120,3000,119.444,2.96385,0,63,4504501,10.3556,6.63979,6.60659e+06,3000,0,480,6,9.88321e-318,6.939e-310,50,6.36599e-314,1.00639e-317,6.95301e-310,6.36599e-314,50,6.95301e-310,3.2761e-319,159,0
poa-n3000-4.txt,100,10,60,1500,35.32,14.8569,2,430,3000,200.477,122.943,38,463,3000,277.718,121.436,28,436,3000,77.241,80.572,0,60,4504501,18.351,9.26544,6.49844e+06,3000,0,480,100,9.88321e-318,6.93332e-310,170,6.36599e-314,1.00639e-317,6.95324e-310,6.36599e-314,170,6.95324e-310,3.2761e-319,781,19985
bar-n3000-4.txt,100,10,60,1500,34.2087,14.3957,3,197,3000,82.1323,47.3747,36,227,3000,149.637,46.8023,23,186,3000,67.5043,36.5387,0,36,4504501,13.968,5.79223,7.06546e+06,3000,0,240,100,9.88321e-318,6.90727e-310,305,6.36599e-314,1.00639e-317,6.95305e-310,6.36599e-314,305,6.95305e-310,3.2761e-319,1653,8185
bar-n3000-2.txt,300,10,180,1500,94.678,48.209,1,434,3000,177.4,126.77,39,462,3000,286.817,126.461,22,439,3000,109.417,125.559,0,41,4504501,12.571,5.92466,6.11824e+06,3000,0,480,300,9.88321e-318,6.92106e-310,169,6.36599e-314,1.00639e-317,6.95257e-310,6.36599e-314,169,6.95257e-310,3.2761e-319,1210,3187
nyc-n3000-5.txt,6,1,6,1500,1.378,0.805532,2,420,3000,194.05,121.641,53,476,3000,253.909,121.549,39,60,3000,59.859,1.29911,0,71,4504501,10.4421,7.02064,6.36877e+06,3000,0,480,6,9.88321e-318,6.91794e-310,52,6.36599e-314,1.00639e-317,6.95252e-310,6.36599e-314,52,6.95252e-310,3.2761e-319,55,234
poa-n1000-6.txt,100,10,60,500,34.5,14.7869,4,162,1000,63.414,36.1595,73,227,1000,168.468,33.9317,53,178,1000,105.054,25.2746,0,69,501501,21.4115,10.7681,710108,1000,0,240,100,9.88321e-318,6.90616e-310,115,6.36599e-314,1.00639e-317,6.95265e-310,6.36599e-314,115,6.95265e-310,3.2761e-319,951,31
bar-n1000-4.txt,300,10,180,500,95.036,48.0898,3,406,1000,164.124,125.399,79,472,1000,315.954,123.341,60,456,1000,151.83,106.542,0,27,501501,10.5062,5.04595,829051,1000,0,480,300,9.88321e-318,6.9073e-310,22,6.36599e-314,1.00639e-317,6.95332e-310,6.36599e-314,22,6.95332e-310,3.2761e-319,495,0
poa-n1000-5.txt,300,10,180,500,93.528,50.5739,12,418,1000,187.281,117.403,47,452,1000,268.072,118.447,30,417,1000,80.791,86.238,0,57,501501,15.7285,8.81727,650032,1000,0,480,300,9.88321e-318,6.91608e-310,55,6.36599e-314,1.00639e-317,6.95307e-310,6.36599e-314,55,6.95307e-310,3.2761e-319,263,963
nyc-n1000-2.txt,6,1,6,500,1.452,0.980622,6,210,1000,98.043,59.9492,36,226,1000,127.547,59.1766,9,30,1000,29.504,2.43185,0,56,501501,9.77599,6.30401,704816,1000,0,240,6,9.88321e-318,6.94e-310,42,6.36599e-314,1.00639e-317,6.95287e-310,6.36599e-314,42,6.95287e-310,3.2761e-319,62,878
ber-n1000-7.txt,300,11,180,500,97.036,49.9771,3,423,1000,182.724,112.576,56,458,1000,282.328,111.721,19,407,1000,99.604,104.586,0,79,501501,29.2813,12.4285,406946,1000,0,480,300,9.88321e-318,6.92928e-310,91,6.36599e-314,1.00639e-317,6.95332e-310,6.36599e-314,91,6.95332e-310,3.2761e-319,414,9462
poa-n1000-2.txt,100,10,60,500,34.348,15.188,8,432,1000,199.09,119.472,41,466,1000,275.864,118.808,24,411,1000,76.774,79.6033,0,69,501501,20.0073,9.79826,707316,1000,0,480,100,9.88321e-318,6.90029e-310,58,6.36599e-314,1.00639e-317,6.95328e-310,6.36599e-314,58,6.95328e-310,3.2761e-319,274,1321
bar-n1000-5.txt,100,10,60,500,34.322,14.7673,2,410,1000,183.368,124.456,66,473,1000,316.642,119.317,57,458,1000,133.274,80.3888,0,40,501501,13.7051,5.63125,779473,1000,0,480,100,9.88321e-318,6.89902e-310,30,6.36599e-314,1.00639e-317,6.95293e-310,6.36599e-314,30,6.95293e-310,3.2761e-319,382,0
ber-n1000-1.txt,100,10,60,500,34.516,14.9461,4,167,1000,72.516,36.944,67,233,1000,169.913,35.6507,47,189,1000,97.397,23.6723,0,76,501501,31.4436,14.862,340999,1000,0,240,100,9.88321e-318,6.92783e-310,117,6.36599e-314,1.00639e-317,6.95273e-310,6.36599e-314,117,6.95273e-310,3.2761e-319,973,1018
poa-n1000-1.txt,300,10,180,500,94.358,49.1754,5,406,1000,165.907,115.244,67,471,1000,303.165,116.009,57,443,1000,137.258,84.0986,0,64,501501,19.2815,11.9045,728460,1000,0,480,300,9.88321e-318,6.92481e-310,39,6.36599e-314,1.00639e-317,6.95278e-310,6.36599e-314,39,6.95278e-310,3.2761e-319,408,0
poa-n1000-4.txt,100,10,60,500,34.834,14.8708,7,402,1000,168.864,121.668,79,468,1000,311.839,118.567,58,444,1000,142.975,95.5748,0,55,501501,19.091,9.9412,679403,1000,0,480,100,9.88321e-318,6.92706e-310,26,6.36599e-314,1.00639e-317,6.95312e-310,6.36599e-314,26,6.95312e-310,3.2761e-319,477,0
poa-n1000-3.txt,100,10,60,500,33.818,14.6085,2,162,1000,60.466,43.6046,66,228,1000,173.579,39.4237,58,206,1000,113.113,31.6649,0,50,501501,15.0832,7.54302,769387,1000,0,240,100,9.88321e-318,6.90101e-310,81,6.36599e-314,1.00639e-317,6.95276e-310,6.36599e-314,81,6.95276e-310,3.2761e-319,810,2
bar-n1000-6.txt,300,10,180,500,91.522,48.2517,3,440,1000,188.005,129.214,40,473,1000,291.388,128.275,28,461,1000,103.383,121.101,0,37,501501,13.8788,5.76513,796882,1000,0,480,300,9.88321e-318,6.90399e-310,33,6.36599e-314,1.00639e-317,6.95255e-310,6.36599e-314,33,6.95255e-310,3.2761e-319,359,5
nyc-n1000-1.txt,6,1,6,500,1.426,0.945681,7,120,1000,44.767,30.215,112,230,1000,164.214,29.4014,100,120,1000,119.447,2.40395,0,58,501501,10.4036,6.82314,657267,1000,0,240,6,9.88321e-318,6.94436e-310,34,6.36599e-314,1.00639e-317,6.95251e-310,6.36599e-314,34,6.95251e-310,3.2761e-319,81,0
ber-n1000-3.txt,300,10,180,500,96.234,51.4775,4,398,1000,179.346,107.724,66,465,1000,311.115,103.137,47,426,1000,131.769,73.2535,0,80,501501,28.5129,12.316,417321,1000,0,480,300,9.88321e-318,6.91639e-310,71,6.36599e-314,1.00639e-317,6.95334e-310,6.36599e-314,71,6.95334e-310,3.2761e-319,442,130
bar-n1000-3.txt,100,10,60,500,36.594,15.3247,2,186,1000,81.096,53.8151,36,223,1000,147.942,52.4568,30,198,1000,66.846,37.4586,0,29,501501,11.257,4.75984,694215,1000,0,240,100,9.88321e-318,6.92033e-310,104,6.36599e-314,1.00639e-317,6.95311e-310,6.36599e-314,104,6.95311e-310,3.2761e-319,449,1331
ber-n1000-2.txt,300,10,180,500,98.764,50.3644,8,196,1000,86.93,45.6332,45,226,1000,146.499,44.3843,18,185,1000,59.569,22.6454,0,79,501501,29.4578,13.0233,371594,1000,0,240,300,9.88321e-318,6.93568e-310,156,6.36599e-314,1.00639e-317,6.95256e-310,6.36599e-314,156,6.95256e-310,3.2761e-319,459,21820
bar-n1000-2.txt,100,10,60,500,33.7,14.8887,3,165,1000,57.696,46.4692,71,232,1000,176.767,44.1981,59,213,1000,119.071,37.0781,0,35,501501,11.7421,7.5906,587586,1000,0,240,100,9.88321e-318,6.9046e-310,41,6.36599e-314,1.00639e-317,6.95263e-310,6.36599e-314,41,6.95263e-310,3.2761e-319,786,0
bar-n1000-1.txt,300,10,180,500,96.648,50.9219,2,427,1000,189.041,124.203,41,462,1000,290.037,121.528,27,427,1000,100.996,115.279,0,33,501501,13.2371,5.61949,813200,1000,0,480,300,9.88321e-318,6.93501e-310,64,6.36599e-314,1.00639e-317,6.95306e-310,6.36599e-314,64,6.95306e-310,3.2761e-319,395,572
poa-n1000-7.txt,100,10,60,500,34.946,15.0162,7,203,1000,91.453,48.1035,45,232,1000,151.808,46.2812,25,195,1000,60.355,26.307,0,72,501501,22.1941,11.175,756016,1000,0,240,100,9.88321e-318,6.89887e-310,100,6.36599e-314,1.00639e-317,6.95267e-310,6.36599e-314,100,6.95267e-310,3.2761e-319,450,3069
ber-n1000-4.txt,300,10,180,500,98.034,49.1344,12,433,1000,192.543,114.767,52,468,1000,287.001,112.937,21,413,1000,94.458,102.155,0,76,501501,26.0193,11.8809,343361,1000,0,480,300,9.88321e-318,6.93436e-310,76,6.36599e-314,1.00639e-317,6.95332e-310,6.36599e-314,76,6.95332e-310,3.2761e-319,375,3677
nyc-n1000-3.txt,6,1,6,500,1.436,0.956941,2,210,1000,94.372,59.4875,32,236,1000,124.207,59.352,10,30,1000,29.835,1.23665,0,60,501501,10.1922,6.42812,751910,1000,0,240,6,9.88321e-318,6.91946e-310,42,6.36599e-314,1.00639e-317,6.95275e-310,6.36599e-314,42,6.95275e-310,3.2761e-319,33,902
nyc-n1000-4.txt,6,1,5,500,1.31,0.671418,2,449,1000,214.224,126.857,32,474,1000,244.151,126.796,19,30,1000,29.927,0.722629,0,58,501501,10.8349,7.50677,764513,1000,0,480,6,9.88321e-318,6.92145e-310,23,6.36599e-314,1.00639e-317,6.95317e-310,6.36599e-314,23,6.95317e-310,3.2761e-319,15,803
nyc-n1000-5.txt,6,1,6,500,1.36,0.824475,7,419,1000,185.011,119.494,67,469,1000,244.781,119.299,35,60,1000,59.77,1.8473,0,60,501501,10.273,6.62445,684522,1000,0,480,6,9.88321e-318,6.92719e-310,20,6.36599e-314,1.00639e-317,6.95299e-310,6.36599e-314,20,6.95299e-310,3.2761e-319,26,31
ber-n1000-5.txt,300,10,180,500,98.774,49.4106,4,166,1000,66.317,36.766,65,227,1000,166.818,34.5304,47,185,1000,100.501,24.8954,0,80,501501,29.1497,12.4457,456325,1000,0,240,300,9.88321e-318,6.94853e-310,139,6.36599e-314,1.00639e-317,6.95302e-310,6.36599e-314,139,6.95302e-310,3.2761e-319,1048,1402
ber-n1000-6.txt,100,10,60,500,35.378,14.8645,5,188,1000,87.565,45.9485,40,222,1000,149.32,43.0062,10,179,1000,61.755,28.6176,0,77,501501,29.4339,12.3887,423908,1000,0,240,100,9.88321e-318,6.90852e-310,202,6.36599e-314,1.00639e-317,6.95288e-310,6.36599e-314,202,6.95288e-310,3.2761e-319,613,36895
poa-n100-5.txt,300,10,177,50,99.06,51.9597,13,181,100,88.39,49.6844,48,220,100,151.12,50.4323,34,192,100,62.73,27.1401,0,36,5151,20.3502,10.2153,6530,100,0,240,300,9.88321e-318,6.92341e-310,7,6.36599e-314,1.00639e-317,6.95255e-310,6.36599e-314,7,6.95255e-310,3.2761e-319,26,0
nyc-n100-3.txt,6,1,4,50,1.16,0.509502,4,175,100,72.85,50.4259,64,226,100,132.54,49.8546,50,60,100,59.69,1.56796,0,26,5151,8.65677,4.81843,6967,100,0,240,6,9.88321e-318,6.94033e-310,4,6.36599e-314,1.00639e-317,6.95278e-310,6.36599e-314,4,6.95278e-310,3.2761e-319,5,0
poa-n100-7.txt,100,11,59,50,32.04,14.9965,8,417,100,204.74,132.512,51,454,100,283.54,130.49,31,415,100,78.8,84.3114,0,39,5151,18.2448,8.88682,7774,100,0,480,100,9.88321e-318,6.94423e-310,7,6.36599e-314,1.00639e-317,6.95284e-310,6.36599e-314,7,6.95284e-310,3.2761e-319,30,12
ber-n100-3.txt,100,14,59,50,40.46,13.3129,14,390,100,171.78,122.329,83,459,100,321.06,120.715,64,432,100,149.28,104.357,0,46,5151,23.5677,12.3951,3740,100,0,480,100,9.88321e-318,6.93858e-310,4,6.36599e-314,1.00639e-317,6.95289e-310,6.36599e-314,4,6.95289e-310,3.2761e-319,52,0
bar-n100-4.txt,300,12,171,50,87.22,49.6314,6,185,100,95.44,51.1238,56,219,100,151.97,47.5064,30,162,100,56.53,23.1091,0,31,5151,14.3285,5.9107,9455,100,0,240,300,9.88321e-318,6.92001e-310,17,6.36599e-314,1.00639e-317,6.95307e-310,6.36599e-314,17,6.95307e-310,3.2761e-319,55,77
nyc-n100-5.txt,6,1,5,50,1.3,0.707107,11,409,100,197.86,132.976,71,462,100,257.67,132.847,53,60,100,59.81,0.950226,0,32,5151,11.3213,6.50104,6767,100,0,480,6,9.88321e-318,6.90248e-310,3,6.36599e-314,1.00639e-317,6.95289e-310,6.36599e-314,3,6.95289e-310,3.2761e-319,5,0
nyc-n100-2.txt,6,1,3,50,1.26,0.564602,2,172,100,83.41,55.4967,62,229,100,143.13,55.2496,53,60,100,59.72,1.27192,0,53,5151,10.2856,7.28284,7035,100,0,240,6,9.88321e-318,6.90697e-310,5,6.36599e-314,1.00639e-317,6.95326e-310,6.36599e-314,5,6.95326e-310,3.2761e-319,5,0
poa-n100-4.txt,100,10,60,50,36.66,15.045,14,412,100,199.42,110.414,76,447,100,275.84,107.724,34,384,100,76.42,75.8113,0,63,5151,21.1147,12.2495,9025,100,0,480,100,9.88321e-318,6.94028e-310,10,6.36599e-314,1.00639e-317,6.95253e-310,6.36599e-314,10,6.95253e-310,3.2761e-319,32,47
ber-n100-2.txt,100,10,57,50,32.28,15.0279,18,370,100,172.95,106.973,105,453,100,305.59,104.212,71,407,100,132.64,75.4451,0,57,5151,25.2205,10.9802,3328,100,0,480,100,9.88321e-318,6.91809e-310,8,6.36599e-314,1.00639e-317,6.9528e-310,6.36599e-314,8,6.9528e-310,3.2761e-319,49,1
bar-n100-2.txt,100,10,58,50,35.52,14.3117,5,388,100,161.72,121.955,76,459,100,317.81,118.447,60,431,100,156.09,109.274,0,29,5151,11.8476,5.88415,8848,100,0,480,100,9.88321e-318,6.91372e-310,6,6.36599e-314,1.00639e-317,6.95285e-310,6.36599e-314,6,6.95285e-310,3.2761e-319,52,0
bar-n100-3.txt,300,16,178,50,99.58,49.4137,3,169,100,68.11,48.4964,74,232,100,175.79,44.3825,60,198,100,107.68,25.3771,0,31,5151,13.5661,5.9298,8778,100,0,240,300,9.88321e-318,6.94623e-310,7,6.36599e-314,1.00639e-317,6.95312e-310,6.36599e-314,7,6.95312e-310,3.2761e-319,72,0
bar-n100-6.txt,300,11,180,50,90.72,53.0006,11,407,100,174.53,119.184,96,471,100,313.18,116.394,61,436,100,138.65,86.162,0,29,5151,12.9924,5.67339,7940,100,0,480,300,9.88321e-318,6.93674e-310,4,6.36599e-314,1.00639e-317,6.95292e-310,6.36599e-314,4,6.95292e-310,3.2761e-319,36,0
bar-n100-5.txt,100,10,60,50,36.56,15.8309,4,395,100,163.81,109.194,71,458,100,295.46,109.452,63,414,100,131.65,71.347,0,29,5151,13.4659,5.67406,6984,100,0,480,100,9.88321e-318,6.90506e-310,8,6.36599e-314,1.00639e-317,6.95308e-310,6.36599e-314,8,6.95308e-310,3.2761e-319,34,0
bar-n100-1.txt,300,13,180,50,101.14,54.5823,4,162,100,58.81,46.6839,72,232,100,168.08,44.5706,60,209,100,109.27,29.9757,0,30,5151,12.2454,5.32504,8461,100,0,240,300,9.88321e-318,6.92481e-310,8,6.36599e-314,1.00639e-317,6.9527e-310,6.36599e-314,8,6.9527e-310,3.2761e-319,68,0
poa-n100-3.txt,300,12,180,50,110.72,46.1542,7,184,100,88.24,56.3938,45,225,100,157.5,52.3505,31,204,100,69.26,41.7822,0,58,5151,18.4428,9.2505,7160,100,0,240,300,9.88321e-318,6.90615e-310,14,6.36599e-314,1.00639e-317,6.95292e-310,6.36599e-314,14,6.95292e-310,3.2761e-319,61,33
ber-n100-7.txt,100,11,57,50,36.08,14.7411,17,436,100,207.05,107.663,52,469,100,285.4,105.879,33,417,100,78.35,81.268,0,73,5151,29.4785,12.1627,3742,100,0,480,100,9.88321e-318,6.91569e-310,10,6.36599e-314,1.00639e-317,6.95268e-310,6.36599e-314,10,6.95268e-310,3.2761e-319,22,23
poa-n100-6.txt,100,10,60,50,35.06,16.0616,7,408,100,191.63,133.597,94,471,100,336.81,119.695,61,455,100,145.18,103.049,0,28,5151,10.3524,4.75116,5975,100,0,480,100,9.88321e-318,6.92284e-310,4,6.36599e-314,1.00639e-317,6.95266e-310,6.36599e-314,4,6.95266e-310,3.2761e-319,44,0
nyc-n100-1.txt,6,1,4,50,1.3,0.762648,4,205,100,79.19,58.9848,34,235,100,109.11,58.8226,23,30,100,29.92,0.706106,0,40,5151,9.64842,6.22382,8311,100,0,240,6,9.88321e-318,6.89951e-310,7,6.36599e-314,1.00639e-317,6.95298e-310,6.36599e-314,7,6.95298e-310,3.2761e-319,2,22
ber-n100-4.txt,300,14,179,50,108.58,49.4406,8,386,100,160.6,123.438,86,466,100,311.48,123.662,71,446,100,150.88,103.291,0,47,5151,18.8587,12.1245,3651,100,0,480,300,9.88321e-318,6.9243e-310,4,6.36599e-314,1.00639e-317,6.95315e-310,6.36599e-314,4,6.95315e-310,3.2761e-319,50,0
ber-n100-5.txt,100,10,58,50,35.12,15.5742,19,417,100,201.64,129.514,58,451,100,278.09,127.989,31,412,100,76.45,80.8885,0,59,5151,22.6374,12.7699,3719,100,0,480,100,9.88321e-318,6.93562e-310,6,6.36599e-314,1.00639e-317,6.95272e-310,6.36599e-314,6,6.95272e-310,3.2761e-319,33,21
ber-n100-6.txt,300,12,179,50,84.36,43.9005,7,181,100,82.4,46.6617,50,220,100,148.43,45.7775,32,196,100,66.03,36.2832,0,80,5151,27.9509,12.2266,4236,100,0,240,300,9.88321e-318,6.94059e-310,20,6.36599e-314,1.00639e-317,6.95251e-310,6.36599e-314,20,6.95251e-310,3.2761e-319,57,185
poa-n100-1.txt,100,11,60,50,33.92,15.0358,14,175,100,76.81,42.8042,49,215,100,141.45,45.7299,31,176,100,64.64,32.6399,0,60,5151,22.4527,11.789,6279,100,0,240,100,9.88321e-318,6.94842e-310,16,6.36599e-314,1.00639e-317,6.95317e-310,6.36599e-314,16,6.95317e-310,3.2761e-319,52,74
nyc-n100-4.txt,6,1,6,50,1.34,0.93917,10,357,100,139.07,112.252,130,468,100,258.82,111.776,107,120,100,119.75,1.56589,0,35,5151,11.1906,7.23139,6191,100,0,480,6,9.88321e-318,6.90448e-310,3,6.36599e-314,1.00639e-317,6.95258e-310,6.36599e-314,3,6.95258e-310,3.2761e-319,3,0
poa-n100-2.txt,300,10,180,50,90.58,50.4284,14,179,100,83.12,38.3915,68,205,100,149.38,34.9099,19,159,100,66.26,28.8117,0,59,5151,20.3347,10.0546,7624,100,0,240,300,9.88321e-318,6.91992e-310,20,6.36599e-314,1.00639e-317,6.95256e-310,6.36599e-314,20,6.95256e-310,3.2761e-319,35,121
ber-n100-1.txt,300,13,180,50,101.46,47.1313,22,185,100,87.35,44.5132,62,212,100,147.1,40.0503,25,139,100,59.75,23.8282,0,62,5151,26.497,13.211,4179,100,0,240,300,9.88321e-318,6.90336e-310,17,6.36599e-314,1.00639e-317,6.9532e-310,6.36599e-314,17,6.9532e-310,3.2761e-319,54,128
nyc-n2000-1.txt,6,1,6,1000,1.395,0.921859,2,180,2000,71.418,51.1434,61,236,2000,131.221,50.7991,40,60,2000,59.8035,1.27267,0,59,2003001,10.117,6.35497,2.91561e+06,2000,0,240,6,9.88321e-318,6.94286e-310,68,6.36599e-314,1.00639e-317,6.95305e-310,6.36599e-314,68,6.95305e-310,3.2761e-319,72,15
ber-n2000-1.txt,300,10,180,1000,93.792,49.2089,9,426,2000,199.336,120.392,44,468,2000,279.257,119.319,30,432,2000,79.921,85.738,0,76,2003001,26.3113,16.4444,2.18456e+06,2000,0,480,300,9.88321e-318,6.91161e-310,86,6.36599e-314,1.00639e-317,6.95296e-310,6.36599e-314,86,6.95296e-310,3.2761e-319,555,15010
bar-n2000-7.txt,300,10,180,1000,95.757,49.5093,12,423,2000,181.391,124.999,43,459,2000,283.096,126.009,30,432,2000,101.705,117.276,0,33,2003001,11.2278,4.83855,3.12914e+06,2000,0,480,300,9.88321e-318,6.93013e-310,74,6.36599e-314,1.00639e-317,6.95269e-310,6.36599e-314,74,6.95269e-310,3.2761e-319,743,174
bar-n2000-1.txt,100,10,60,1000,34.417,14.9478,3,170,2000,59.7355,45.7198,67,234,2000,175.21,43.5031,55,221,2000,115.475,33.7282,0,35,2003001,13.2949,5.63967,3.44852e+06,2000,0,240,100,9.88321e-318,6.89852e-310,114,6.36599e-314,1.00639e-317,6.95334e-310,6.36599e-314,114,6.95334e-310,3.2761e-319,1528,0
poa-n2000-6.txt,300,10,180,1000,97.735,49.6724,3,439,2000,191,124.628,39,472,2000,278.604,124.662,21,450,2000,87.6045,98.3722,0,72,2003001,21.7161,10.9017,2.853e+06,2000,0,480,300,9.88321e-318,6.91264e-310,85,6.36599e-314,1.00639e-317,6.95278e-310,6.36599e-314,85,6.95278e-310,3.2761e-319,595,1832
poa-n2000-2.txt,100,10,60,1000,35.094,14.6582,3,156,2000,62.9325,30.2574,78,220,2000,166.114,29.6829,58,193,2000,103.181,26.9422,0,58,2003001,17.7505,9.42498,2.87287e+06,2000,0,240,100,9.88321e-318,6.92547e-310,176,6.36599e-314,1.00639e-317,6.95287e-310,6.36599e-314,176,6.95287e-310,3.2761e-319,1966,0
nyc-n2000-2.txt,6,1,6,1000,1.357,0.860402,1,180,2000,72.9835,51.7633,61,236,2000,132.815,51.5356,45,60,2000,59.8315,1.1691,0,58,2003001,9.78497,6.11774,2.81326e+06,2000,0,240,6,9.88321e-318,6.90852e-310,67,6.36599e-314,1.00639e-317,6.95263e-310,6.36599e-314,67,6.95263e-310,3.2761e-319,67,72
nyc-n2000-3.txt,6,1,6,1000,1.385,0.836346,20,360,2000,162.252,97.7912,140,458,2000,281.07,95.9347,78,120,2000,118.817,5.22464,0,136,2003001,10.6651,7.62371,9.20963e+06,2000,0,480,6,9.88321e-318,6.92743e-310,38,6.36599e-314,1.00639e-317,6.95322e-310,6.36599e-314,38,6.95322e-310,3.2761e-319,146,1
ber-n2000-6.txt,100,10,60,1000,34.395,14.3485,3,438,2000,203.978,113.225,44,463,2000,278.635,111.276,19,424,2000,74.6565,71.6674,0,81,2003001,29.278,12.369,1.67288e+06,2000,0,480,100,9.88321e-318,6.90113e-310,149,6.36599e-314,1.00639e-317,6.95287e-310,6.36599e-314,149,6.95287e-310,3.2761e-319,487,24249
ber-n2000-5.txt,100,10,60,1000,34.985,15.2052,8,389,2000,177.434,99.4337,79,460,2000,303.169,96.7495,51,426,2000,125.735,61.6737,0,83,2003001,29.108,12.3253,1.56478e+06,2000,0,480,100,9.88321e-318,6.94251e-310,181,6.36599e-314,1.00639e-317,6.95315e-310,6.36599e-314,181,6.95315e-310,3.2761e-319,928,1539
bar-n2000-4.txt,300,10,180,1000,91.971,49.6637,1,406,2000,173.505,121.705,66,468,2000,314.205,117.441,60,447,2000,140.701,90.3289,0,88,2003001,13.1534,6.1282,2.98453e+06,2000,0,480,300,9.88321e-318,6.90633e-310,84,6.36599e-314,1.00639e-317,6.95324e-310,6.36599e-314,84,6.95324e-310,3.2761e-319,858,0
poa-n2000-3.txt,300,10,180,1000,93.491,48.9854,5,162,2000,61.737,42.2786,70,225,2000,172.785,37.9593,58,201,2000,111.047,30.9541,0,62,2003001,15.3461,8.45597,2.72807e+06,2000,0,240,300,9.88321e-318,6.92313e-310,145,6.36599e-314,1.00639e-317,6.95327e-310,6.36599e-314,145,6.95327e-310,3.2761e-319,1616,12
bar-n2000-2.txt,100,10,60,1000,35.421,14.7208,3,175,2000,61.3585,46.2977,67,233,2000,173.296,43.5112,55,213,2000,111.938,31.0891,0,36,2003001,12.4632,5.57471,3.39828e+06,2000,0,240,100,9.88321e-318,6.94385e-310,113,6.36599e-314,1.00639e-317,6.9529e-310,6.36599e-314,113,6.9529e-310,3.2761e-319,1458,0
bar-n2000-5.txt,300,10,180,1000,94.129,48.4742,1,436,2000,183.96,131.849,38,469,2000,290.312,129.98,27,449,2000,106.352,125.038,0,35,2003001,13.0743,5.80352,3.47826e+06,2000,0,480,300,9.88321e-318,6.89845e-310,86,6.36599e-314,1.00639e-317,6.95262e-310,6.36599e-314,86,6.95262e-310,3.2761e-319,768,536
bar-n2000-6.txt,300,10,180,1000,94.645,50.7095,4,189,2000,79.0015,51.768,37,223,2000,146.305,51.5136,29,197,2000,67.3035,37.6747,0,31,2003001,12.343,5.51024,3.19277e+06,2000,0,240,300,9.88321e-318,6.92228e-310,203,6.36599e-314,1.00639e-317,6.95309e-310,6.36599e-314,203,6.95309e-310,3.2761e-319,962,6655
bar-n2000-3.txt,300,10,180,1000,94.593,49.3531,2,167,2000,61.3605,42.8297,67,229,2000,170.139,40.1709,57,205,2000,108.779,26.3622,0,34,2003001,13.9407,5.96591,3.13497e+06,2000,0,240,300,9.88321e-318,6.94045e-310,174,6.36599e-314,1.00639e-317,6.9526e-310,6.36599e-314,174,6.9526e-310,3.2761e-319,1435,0
poa-n2000-1.txt,100,10,60,1000,34.512,14.8923,5,155,2000,63.5295,34.9615,76,221,2000,165.407,33.0739,45,175,2000,101.877,22.981,0,68,2003001,18.7595,10.2754,2.7886e+06,2000,0,240,100,9.88321e-318,6.92722e-310,278,6.36599e-314,1.00639e-317,6.95266e-310,6.36599e-314,278,6.95266e-310,3.2761e-319,1797,1158
nyc-n2000-5.txt,6,1,6,1000,1.35,0.792545,7,450,2000,203.171,124.641,37,469,2000,233.084,124.57,14,30,2000,29.9135,0.851105,0,56,2003001,10.8036,7.11044,3.06427e+06,2000,0,480,6,9.88321e-318,6.9454e-310,42,6.36599e-314,1.00639e-317,6.9532e-310,6.36599e-314,42,6.9532e-310,3.2761e-319,39,2464
ber-n2000-7.txt,300,10,180,1000,95.585,48.9806,5,431,2000,183.47,116.499,42,459,2000,286.366,115.075,19,414,2000,102.897,111.696,0,78,2003001,28.7491,12.2212,1.78046e+06,2000,0,480,300,9.88321e-318,6.95189e-310,171,6.36599e-314,1.00639e-317,6.95334e-310,6.36599e-314,171,6.95334e-310,3.2761e-319,801,34047
poa-n2000-5.txt,300,10,180,1000,95.154,48.2326,8,419,2000,193.661,118.54,43,457,2000,275.33,117.479,27,425,2000,81.6685,87.8043,0,60,2003001,17.736,8.50058,2.65551e+06,2000,0,480,300,9.88321e-318,6.93261e-310,114,6.36599e-314,1.00639e-317,6.95287e-310,6.36599e-314,114,6.95287e-310,3.2761e-319,554,6413
nyc-n2000-4.txt,6,1,6,1000,1.36,0.819189,1,360,2000,150.004,106.497,118,477,2000,269.866,106.377,104,120,2000,119.862,1.09371,0,58,2003001,10.693,7.07555,2.81396e+06,2000,0,480,6,9.88321e-318,6.90082e-310,33,6.36599e-314,1.00639e-317,6.9527e-310,6.36599e-314,33,6.9527e-310,3.2761e-319,53,0
ber-n2000-3.txt,100,10,60,1000,35.574,14.821,1,174,2000,66.507,36.093,70,234,2000,169.132,34.5294,49,200,2000,102.625,25.5978,0,84,2003001,29.2821,12.3343,1.81069e+06,2000,0,240,100,9.88321e-318,6.92674e-310,206,6.36599e-314,1.00639e-317,6.95257e-310,6.36599e-314,206,6.95257e-310,3.2761e-319,1967,1830
poa-n2000-4.txt,100,10,60,1000,35.42,14.8474,1,193,2000,85.1195,49.0491,36,227,2000,148.851,48.4282,28,206,2000,63.732,32.58,0,56,2003001,20.717,12.9935,3.02078e+06,2000,0,240,100,9.88321e-318,6.92225e-310,172,6.36599e-314,1.00639e-317,6.95314e-310,6.36599e-314,172,6.95314e-310,3.2761e-319,949,14902
ber-n2000-2.txt,100,10,60,1000,35.298,14.9266,5,160,2000,66.298,36.2206,65,220,2000,163.273,34.2927,46,182,2000,96.975,21.0236,0,76,2003001,29.095,12.3303,1.60697e+06,2000,0,240,100,9.88321e-318,6.94916e-310,331,6.36599e-314,1.00639e-317,6.95328e-310,6.36599e-314,331,6.95328e-310,3.2761e-319,1957,22107
ber-n2000-4.txt,100,10,60,1000,35.374,14.8689,6,201,2000,86.695,42.8812,36,229,2000,145.219,42.0521,16,182,2000,58.5235,23.3219,0,81,2003001,29.2329,12.2769,1.61898e+06,2000,0,240,100,9.88321e-318,6.90242e-310,319,6.36599e-314,1.00639e-317,6.95258e-310,6.36599e-314,319,6.95258e-310,3.2761e-319,1131,98654
