instance,vehicle.cap,demand.min,demand.max,demand.count,demand.mean,demand.sd,tw.begin.min,tw.begin.max,tw.begin.count,tw.begin.mean,tw.begin.sd,tw.ending.min,tw.ending.max,tw.ending.count,tw.ending.mean,tw.ending.sd,tw.duration.min,tw.duration.max,tw.duration.count,tw.duration.mean,tw.duration.sd,distance.min,distance.max,distance.count,distance.mean,distance.sd,distance.asym.sq,tightenings,conflicts
lrc106.txt,200,2,40,53,16.2642,8.83209,11.1803,172.155,106,82.7358,39.2468,64.8717,222,106,135.349,38.9369,13.7515,60,106,52.3113,10.3094,0,101.213,5778,44.0628,21.3083,0,62,586
lrc105.txt,200,3,40,54,17.0926,9.49731,11.1803,200,108,89.0648,43.2551,25,222,108,134.315,44.0348,5.34384,120,108,44.9907,34.6158,0,101.213,5995,44.1987,21.2939,0,58,768
lc104.txt,200,10,40,53,16.6038,8.75816,10,916,106,167.717,203.828,49,1135,106,857.151,333.554,28.3845,1116,106,688.858,417.765,0,96.1769,5778,38.8198,19.8133,0,121,30
lr201.txt,1000,2,36,51,16.4118,8.61667,17.8045,855.708,102,403.118,244.161,149.936,980,102,504.853,241.139,9.55969,211.196,102,101.569,38.6198,0,91.8314,5356,33.4587,16.3229,0,30,4
lr102.txt,200,1,41,55,16.2182,9.89892,11.3137,200,110,85.7545,50.0012,28,210,110,124.427,53.4952,0.462795,184.196,110,38.4273,56.3693,0,91.8314,6216,33.6588,16.4739,0,52,717
lc106.txt,200,10,50,53,18.3019,10.6943,10,951,106,398.264,274.834,48,1127,106,550.594,284.878,17.1942,387,106,152.198,93.3998,0,96.1769,5778,38.8583,19.7874,0,26,134
lrc204.txt,1000,3,40,51,17.0784,9.00409,7.61577,810,102,161.314,204.925,134,945,102,766.882,226.649,119.235,910.765,102,605.039,316.601,0,101.213,5356,44.0284,21.1892,0,116,0
lrc107.txt,200,3,40,53,17.717,9.92932,9.21954,172,106,71.6132,34.8907,84,222,106,147.84,35.4219,13.3977,139,106,75.8962,29.9697,0,101.213,5778,43.7911,21.1373,0,72,405
lr108.txt,200,2,41,50,14.28,8.81335,5,192.416,100,58.23,41.3048,48,213,100,164.5,40.029,20.5836,176.189,100,105.75,51.9251,0,91.8314,5151,33.3694,16.2909,0,111,111
lrc206.txt,1000,3,40,51,17.8039,10.145,11.1803,702,102,323.059,217.968,248.787,942,102,544.676,211.065,35.9722,240,102,221.392,42.6374,0,101.213,5356,44.3936,21.3115,0,40,0
lr208.txt,1000,1,36,50,14.2,8.82251,6.32456,746.248,100,150.35,195.83,258,985,100,838.02,205.086,115.752,934.843,100,687.14,298.01,0,91.8314,5151,33.3694,16.2909,0,118,0
lc103.txt,200,10,40,52,18.0769,10.2972,10,1001,104,292.202,278.809,38,1135,104,692.933,356.698,25.7934,1114.19,104,400.375,414.833,0,96.1769,5565,38.8951,19.8272,0,85,112
lr111.txt,200,1,35,54,12.8889,7.51769,6.32456,178,108,72.4907,44.0387,53,211,108,144.509,43.6751,7.92893,172.676,108,71.6759,45.1326,0,91.8314,5995,32.7875,16.0262,0,71,275
lr101.txt,200,2,36,53,14.1132,8.15631,18,200,106,96.934,44.9874,28,210,106,106.604,44.9356,0.675445,10,106,9.60377,1.51602,0,91.8314,5778,33.3849,16.3019,0,10,1069
lc105.txt,200,10,50,53,19.434,11.671,10,1061,106,414.651,281.296,89,1127,106,531.208,281.319,66,163,106,116.453,21.9796,0,96.1769,5778,38.7785,19.7811,0,27,218
lr203.txt,1000,1,41,51,14.7843,9.22673,9,849,102,254.873,267.367,167.295,983,102,681.412,291.019,22.9584,942.945,102,426.147,364.701,0,91.8314,5356,33.343,16.3221,0,90,3
lrc205.txt,1000,3,40,51,16.8235,9.64719,11.1803,870,102,347.412,234.132,74,942,102,540.912,232.884,59.2352,480,102,193.314,140.48,0,101.213,5356,44.1344,21.2079,0,36,5
lc201.txt,700,10,50,51,20,11.4891,8.24621,3119,102,1475.35,913.014,168,3279,102,1635.34,913.028,159.675,160,102,159.961,0.0616922,0,96.1769,5356,39.8749,19.5083,0,4,6
lr207.txt,1000,1,36,51,13.1569,8.20822,6.32456,740,102,211.431,230.076,240.983,981,102,732.451,260.141,222.956,940.259,102,520.618,316.106,0,91.8314,5356,33.4218,16.3268,0,86,0
lc208.txt,700,10,50,51,17.451,10.1672,8.24621,2648,102,1263.63,880.752,559.72,3288,102,1892.49,880.048,254.23,640,102,628.735,56.1006,0,96.1769,5356,40.1139,19.6551,0,18,0
lr206.txt,1000,2,36,50,15.12,8.72164,11.1803,740,100,283.29,235.826,246.272,980,100,637.66,248.529,85.5982,940.687,100,354.07,234.828,0,91.8314,5151,33.3694,16.2909,0,55,0
lr211.txt,1000,1,41,50,14.36,9.32138,5,541.783,100,245.34,174.066,474.047,981,100,682.57,166.491,293,637.572,100,436.85,72.8562,0,91.8314,5151,33.3694,16.2909,0,65,0
lr103.txt,200,2,36,52,14.25,8.6407,11.1803,201,104,76.8942,51.7088,28,213,104,141.808,53.4445,1,179.796,104,64.5673,64.5259,0,91.8314,5565,33.2153,16.1761,0,80,401
lr209.txt,1000,2,35,51,14.451,8.02823,5,694,102,309.118,192.607,287,981,102,612.853,202.829,91,656,102,303.49,132.159,0,91.8314,5356,33.0491,16.2402,0,46,0
lc207.txt,700,10,50,51,17.451,10.1672,8.24621,2976,102,1270.44,872.45,208,3288,102,1864.69,944.208,177,1181,102,594.127,288.642,0,96.1769,5356,40.1139,19.6551,0,17,0
lc102.txt,200,10,50,53,20.1887,11.1787,10,1054,106,348.425,275.198,66,1135,106,575.519,335.138,34.3772,1100.2,106,226.858,330.129,0,96.1769,5778,39.0794,19.8942,0,50,286
lr107.txt,200,1,41,52,13.6346,8.78954,11.1803,184.325,104,73.5096,48.4694,31.5969,213,104,144.317,53.7783,13.9584,178.384,104,70.375,56.184,0,91.8314,5565,33.1529,16.2417,0,90,290
lr104.txt,200,1,36,52,13.4808,8.93438,5,200,104,54.8269,44.6946,28,215,104,155.481,50.4313,0.171573,210,104,100.135,65.1807,0,91.8314,5565,32.9901,16.2151,0,121,135
lc107.txt,200,10,50,53,19.0566,11.4798,10,947,106,382.462,275.337,190,1127,106,562.443,275.428,179.169,180,106,179.821,0.23343,0,96.1769,5778,38.9491,19.8087,0,19,40
lrc201.txt,1000,2,40,51,17.0784,9.66404,11.1803,822,102,378.441,231.456,129.765,942,102,494.412,232.409,29.7646,120,102,115.843,16.0728,0,101.213,5356,44.1217,21.2178,0,21,2
lrc103.txt,200,3,40,53,17.1509,9.01366,4.24264,194.472,106,73.3113,46.916,34.9722,222,106,147.368,49.1036,7.81966,192.972,106,73.5472,57.0245,0,101.213,5778,43.8666,21.1635,0,96,394
lrc102.txt,200,2,40,53,17.6226,10.1871,11.1803,194.472,106,85.8679,45.1593,41,222,106,137.406,47.6315,6.59688,198.476,106,51.1509,48.1581,0,101.213,5778,44.6398,21.4271,0,71,682
lr205.txt,1000,1,41,51,16.2549,9.56001,17.8045,760.616,102,346.275,237.995,233.196,980,102,558.588,221.025,41.802,240,102,212.088,55.7722,0,91.8314,5356,33.3512,16.2433,0,40,0
lrc203.txt,1000,2,40,51,15.5098,9.02745,4.24264,832.866,102,235.99,246.025,121.615,942,102,657.088,270.354,82,898.356,102,420.696,338.833,0,101.213,5356,43.9856,21.1735,0,88,0
lrc101.txt,200,2,40,53,16.6226,9.84344,11.1803,192,106,93.1887,41.5969,41,222,106,121.142,42.8721,1.9616,30,106,27.7925,5.39494,0,101.213,5778,44.2042,21.2163,0,30,936
lc204.txt,700,10,50,51,20,11.4891,8.24621,3097,102,578.588,891.31,172,3289,102,2770.45,845.718,159.793,3230.82,102,2191.31,1294.56,0,96.1769,5356,39.8749,19.5083,0,113,0
lrc104.txt,200,2,40,54,15.5,8.35475,4.24264,180,108,64.25,41.178,44,220,108,168.056,40.1582,19.5597,202.962,108,103.231,56.1424,0,101.213,5995,43.9578,21.2196,0,117,171
lr109.txt,200,2,41,53,15.2075,8.92783,8,155.587,106,76.1887,38.5493,63.391,211,106,129.425,38.1267,1.7889,72,106,53.0377,11.2008,0,91.8314,5778,33.6629,16.4394,0,46,414
lr110.txt,200,1,31,52,14.8077,7.65695,5,148.087,104,68.1923,36.4116,72.3475,211,104,141.606,38.6129,20,154.241,104,73.0769,33.961,0,91.8314,5565,33.3716,16.2028,0,68,205
lr204.txt,1000,1,36,50,14.42,8.69222,5,849,100,164.11,217.36,181,981,100,826.48,226.763,27,942.984,100,661.85,342.367,0,91.8314,5151,33.3694,16.2909,0,114,0
lc203.txt,700,10,50,51,17.0588,9.85781,8.24621,3196.85,102,966.804,1038.6,168,3289,102,2235.06,1059.98,82.1511,3182,102,1267.93,1317.19,0,96.1769,5356,39.7541,19.4725,0,83,2
lr202.txt,1000,1,41,50,15.82,9.19114,12.0416,849,100,327.38,264.219,144.459,980,100,582.42,276.859,25.9311,949.796,100,254.76,295.498,0,91.8314,5151,33.3694,16.2909,0,63,5
lr112.txt,200,2,41,53,14.9811,8.5361,5,110.111,106,52.7453,24.0215,107.189,211,106,160.547,26.6757,70.4758,165.196,106,107.425,18.3871,0,91.8314,5778,33.3828,16.2372,0,77,22
lc205.txt,700,10,50,51,17.2549,10.2134,8.24621,2959,102,1410.7,910.37,241,3279,102,1728.89,913.138,228.793,320,102,318.127,12.7063,0,96.1769,5356,40.135,19.661,0,10,0
lc101.txt,200,10,50,53,18.6792,10.7485,10,1093,106,436.283,280.482,49,1127,106,493.953,281.029,23.1942,89,106,57.5755,12.4549,0,96.1769,5778,39.0024,19.8444,0,25,441
lc108.txt,200,10,50,53,20.7547,11.7423,10,867,106,361.358,260.717,132,1130,106,597.358,264.38,101.194,325.687,106,235.811,44.1704,0,96.1769,5778,39.0472,19.9032,0,29,9
lc202.txt,700,10,50,51,19.4118,11.2092,8.24621,3196.85,102,1215.47,1013.37,89.1716,3289,102,1930,1010.27,79.1716,3232.46,102,714.324,1051.95,0,96.1769,5356,39.9171,19.5407,0,46,2
lrc202.txt,1000,2,40,51,16.2157,9.65466,11.1803,832.866,102,354.725,245.742,116.406,942,102,579.088,264.49,58.9002,855.689,102,224.069,228.687,0,101.213,5356,44.0407,21.1675,0,57,2
lrc208.txt,1000,2,40,51,17.8235,10.5522,9.21954,454.028,102,233.461,152.689,459.576,942,102,667.284,152.445,135,661.645,102,433.569,105.163,0,101.213,5356,44.2214,21.2454,0,49,0
lr106.txt,200,1,41,52,15.8269,9.49246,11.1803,180,104,83.4135,47.1537,36.7685,210,104,126.452,49.9239,18.1938,173.01,104,42.7596,35.0734,0,91.8314,5565,33.3373,16.2941,0,55,537
lrc108.txt,200,3,40,52,16.8269,8.59941,9.21954,140.497,104,62.2692,28.289,88,222,104,158.587,28.8571,27,165.528,104,95.9615,29.9369,0,101.213,5565,44.0505,21.1999,0,89,196
lrc207.txt,1000,2,40,51,15.6078,9.42566,9.21954,678.016,102,288.755,186.157,275.962,942,102,598.735,189.282,91,664.873,102,309.716,141.046,0,101.213,5356,44.3316,21.2647,0,47,0
lr105.txt,200,1,41,53,15.7358,8.92738,17.8045,180,106,89.3774,43.9659,34.3944,210,106,116.085,45.3623,1,30,106,26.5189,7.38457,0,91.8314,5778,33.5166,16.4835,0,33,756
lr210.txt,1000,1,41,51,14.4118,8.98482,6.32456,854,102,326.618,232.498,159,981,102,637.784,226.101,41.456,820.905,102,310.873,199.499,0,91.8314,5356,33.7323,16.4735,0,50,0
lc109.txt,200,10,50,53,18.3019,10.8727,10,854,106,305.764,241.3,280,1130,106,652.283,246.643,268,360,106,346.292,32.0837,0,96.1769,5778,38.9926,19.8317,0,41,0
lc206.txt,700,10,50,51,17.451,10.5533,8.24621,2976,102,1327.41,898.223,360,3288,102,1814.45,903.644,299,707,102,486.971,84.436,0,96.1769,5356,39.54,19.3992,0,9,0
LRC2_10_6.txt,1000,1,40,504,18.129,8.00529,2.23607,6826,1008,2026.86,1690.56,242,7066,1008,2258.13,1689.84,6.61529,240,1008,231.222,32.969,0,688.793,509545,267.961,130.533,0,100,15694
LC2_10_4.txt,700,10,50,509,19.2534,8.47835,7.07107,3592.97,1018,718.509,878.509,270,3817.29,1018,3042.7,965.207,56.0604,3708.56,1018,2323.85,1394.99,0,600.907,519690,229.133,114.84,0,1535,2025
LC2_10_9.txt,700,10,50,511,19.1781,8.47774,7.07107,3469,1022,1373.85,903.444,52,3780.71,1022,2184.74,914.551,10.3227,2095,1022,810.694,357.829,0,600.907,523776,229.09,114.763,0,352,1104
LR1_10_4.txt,200,1,46,519,18.2197,8.66304,11.1803,1717,1038,407.679,368.061,28,1902.96,1038,1412.21,480.546,9.00588,1842.89,1038,1004.17,644.508,0,678.97,540280,261.395,124.055,0,1584,7544
LC2_10_1.txt,700,10,50,507,19.3097,8.32378,7.07107,3492,1014,1672.35,946.439,167,3652,1014,1831.96,946.875,79.7208,160,1014,159.546,5.15802,0,600.907,515620,228.951,114.642,0,92,31679
LRC1_10_6.txt,200,1,40,523,17.6463,7.90188,2.23607,1692,1046,514.333,418.921,62,1752,1046,571.705,420.1,3.99664,60,1046,57.1415,8.03104,0,688.793,548628,267.68,130.466,0,354,84028
LC2_10_3.txt,700,10,50,508,19.4291,8.41883,7.07107,3492.02,1016,1070.05,995.034,167,3817.29,1016,2553.98,1114.26,128.834,3781.48,1016,1483.69,1442.45,0,600.907,517653,228.644,114.551,0,1052,8089
LC2_10_5.txt,700,10,50,507,19.2308,8.45822,7.07107,3503.81,1014,1604.71,945.85,293.19,3732,1014,1920.49,943.199,6,320,1014,315.684,26.5135,0,600.907,515620,229.351,114.816,0,144,12946
LC2_10_7.txt,700,10,50,509,19.1356,8.23136,7.07107,3398,1018,1465.4,922.558,291,3772.91,1018,2069.37,924.173,23,1438.52,1018,603.835,281.382,0,600.907,519690,229.176,114.743,0,284,3194
LR2_10_1.txt,1000,1,40,503,17.8032,8.47677,12.0416,7160,1006,3125.3,1794.5,119,7238,1006,3244.46,1793.26,6,237,1006,119.136,39.3691,0,678.97,507528,260.842,123.843,0,28,14697
LRC1_10_9.txt,200,1,44,524,17.9599,8.20509,2.23607,1662,1048,489.033,407.98,117.917,1782,1048,601.127,410.603,8.75086,120,1048,111.734,16.7245,0,688.793,550725,267.802,130.45,0,592,67003
LR1_10_1.txt,200,1,46,527,18.3169,8.85069,12.0416,1793,1054,795.725,448.966,22,1803,1054,805.622,449.069,2.07785,10,1054,9.79127,0.785924,0,678.97,557040,261,123.98,0,131,82067
LC1_10_7.txt,200,10,40,526,18.365,8.07039,2.23607,1323,1052,559.966,290.337,129.292,1502.38,1052,735.194,295.655,89.6079,180,1052,175.053,19.7305,0,679.53,554931,270.042,131.234,0,285,85982
LC2_10_10.txt,700,10,50,504,19.0873,8.55112,7.07107,2992.39,1008,1346.14,886.186,811.82,3780.71,1008,2205.67,886.949,280.586,880,1008,859.353,74.3529,0,600.907,509545,229.172,114.744,0,332,9
LR1_10_6.txt,200,1,46,524,18.2481,8.37616,12.0416,1761,1048,670.767,454.797,42,1883.6,1048,965.842,525.657,7.30182,1852.2,1048,294.878,515.126,0,678.97,550725,261.679,124.169,0,655,49223
LRC1_10_8.txt,200,1,40,522,18.2203,8.19363,2.23607,1672,1044,494.657,408.1,74.0392,1772,1044,604.798,412.105,3.73732,220,1044,109.781,33.0538,0,688.793,546535,268.614,130.699,0,564,69435
LR1_10_5.txt,200,1,46,524,18.1489,8.57855,12.0416,1783,1048,792.185,447.38,42,1813,1048,821.439,448.01,2.59825,30,1048,29.1221,3.43341,0,678.97,550725,260.545,123.739,0,175,76960
LR2_10_9.txt,1000,1,46,504,18.381,8.48116,12.0416,6973,1008,3003.35,1788.83,253,7410,1008,3365.41,1787.29,10,1014,1008,361.988,170.626,0,678.97,509545,261.386,124.017,0,110,3847
LRC1_10_1.txt,200,1,40,527,18.1404,7.97973,2.23607,1707,1054,523.572,422.419,32,1737,1054,552.758,423.092,2.10756,30,1054,29.0028,3.32897,0,688.793,557040,267.337,130.318,0,275,92537
LRC2_10_1.txt,1000,1,44,507,18.0414,8.18513,2.23607,6886,1014,2098.72,1702.36,122,7006,1014,2216.51,1703.43,12.47,120,1014,117.758,11.6766,0,688.793,515620,267.248,130.29,0,57,27008
LR2_10_7.txt,1000,1,45,505,17.9782,8.74447,12.0416,6826,1010,2016.69,1962.96,252.964,7660.6,1010,5007.15,2393.14,15,7626.17,1010,2990.24,3062.47,0,678.97,511566,260.958,123.854,0,1021,1566
LRC1_10_3.txt,200,2,44,524,17.9656,7.83937,2.23607,1707,1048,393.65,353.728,32,1803.72,1048,988.094,604.175,3.34805,1785.65,1048,594.12,642.35,0,688.793,550725,267.339,130.338,0,1176,35154
LRC1_10_2.txt,200,1,40,523,18.4264,8.09024,2.23607,1707,1046,462.537,395.133,32,1802.94,1046,731.402,548.313,5.17813,1783.63,1046,268.625,486.482,0,688.793,548628,268.474,130.763,0,711,65003
LC1_10_4.txt,200,10,40,519,18.2274,7.90498,2.23607,1377,1038,374.814,253.39,61.9483,1728,1038,1224.51,433.491,16.0571,1719.58,1038,849.325,524.126,0,679.53,540280,269.905,131.252,0,1589,14652
LR2_10_10.txt,1000,1,45,502,18.251,8.63757,12.0416,6964,1004,2950.88,1784.71,405,7428,1004,3419.89,1781.55,79.8471,688,1004,468.939,78.9505,0,678.97,505515,261.31,123.979,0,106,837
LRC1_10_5.txt,200,1,40,526,18.3023,8.03385,2.23607,1696,1052,516.551,418.135,46.8218,1747,1052,573.892,420.064,3.26151,146.519,1052,57.0922,26.6278,0,688.793,554931,268.305,130.573,0,400,82269
LRC2_10_2.txt,1000,1,44,505,17.7188,7.82041,2.23607,6886,1010,1755.69,1644.68,122,7265.94,1010,3058.7,2391.52,14.8786,7190.48,1010,1302.87,2306.04,0,688.793,511566,268.044,130.628,0,538,16332
LR1_10_9.txt,200,1,45,523,17.8719,8.43824,12.0416,1777,1046,776.268,443.408,40.7846,1818,1046,833.392,443.904,0.792563,132,1046,56.9704,21.2704,0,678.97,548628,260.688,123.79,0,220,71226
LR2_10_5.txt,1000,1,46,504,17.6706,8.57145,12.0416,7071,1008,3078.26,1795.29,252,7311,1008,3313.6,1795.28,15,240,1008,235.311,23.9811,0,678.97,509545,261.095,123.931,0,63,7669
LR2_10_3.txt,1000,1,45,505,17.9782,8.73017,21,6893,1010,2035.93,1973.84,123,7674.96,1010,4997.58,2401,6,7568.58,1010,2961.43,3124.72,0,678.97,511566,261.355,123.988,0,1016,3444
LR2_10_2.txt,1000,1,45,504,18.3194,8.47351,12.0416,7160,1008,2647.81,1947.75,119,7660.75,1008,4002.4,2240.45,0.864562,7614.4,1008,1354.47,2355.49,0,678.97,509545,260.996,123.856,0,529,7796
LC2_10_2.txt,700,10,50,508,19.1339,8.49862,7.07107,3492,1016,1449.21,1023.47,112.95,3802.74,1016,2180.62,1085.87,73.8951,3777.83,1016,731.258,1098.52,0,600.907,517653,228.77,114.678,0,584,17736
LC2_10_8.txt,700,10,50,507,19.073,8.34819,7.07107,3154.17,1014,1455.98,915.224,570.486,3780.71,1014,2080.52,917.863,231.412,640,1014,624.396,59.2845,0,600.907,515620,229.355,114.984,0,246,595
LR2_10_6.txt,1000,1,46,506,18.3241,8.62357,12.0416,7071,1012,2552.32,1946.53,252,7655.86,1012,4035.7,2230.06,7.56165,7616.74,1012,1483.26,2379.89,0,678.97,513591,261.436,124.053,0,547,4129
LR1_10_8.txt,200,1,46,523,18.5468,8.58757,14.1421,1707,1046,398.606,367.462,48,1903.82,1046,1408.38,480.659,16.0388,1842.31,1046,1009.42,646.2,0,678.97,548628,261.12,123.927,0,1596,7644
LR1_10_3.txt,200,1,46,523,18.5507,8.60426,18.0278,1732,1046,552.652,439.59,28,1902.96,1046,1165,549.198,3.59878,1852.71,1046,612.075,668.261,0,678.97,548628,259.989,123.61,0,1104,28208
LRC2_10_4.txt,1000,1,44,506,17.9822,8.06911,2.23607,6394,1012,802.301,1229.18,138,7249.83,1012,5406.08,2479.88,58.0942,7182.22,1012,4603.43,2952.7,0,688.793,513591,267.751,130.404,0,1527,2182
LC1_10_2.txt,200,10,40,523,18.0497,7.92816,2.23607,1564.19,1046,570.754,317.628,63,1728,1046,845.842,436.738,23.617,1701.02,1046,274.878,419.338,0,679.53,548628,269.398,130.943,0,681,77601
LC1_10_1.txt,200,10,40,527,18.2543,7.94395,2.23607,1402,1054,613.599,301.264,63,1472,1054,671.591,302.479,22.3971,96,1054,57.8558,10.8081,0,679.53,557040,269.773,131.262,0,241,108874
LR2_10_4.txt,1000,1,45,504,18.0952,8.67727,12.0416,6820,1008,1173.18,1662.08,123,7675.82,1008,6038.12,2184.2,15,7619.58,1008,4864.62,3054.8,0,678.97,509545,261.135,123.94,0,1509,734
LC1_10_8.txt,200,10,40,526,18.4981,7.91785,2.23607,1296,1052,535.753,286.071,222,1521,1052,766.151,289.455,55.058,367.404,1052,230.167,45.181,0,679.53,554931,269.852,131.173,0,386,75622
LC1_10_10.txt,200,10,40,523,17.9924,8.022,2.23607,1163,1046,460.022,252.681,291.632,1578,1046,903.506,267.387,16.1927,763,1046,443.155,95.3891,0,679.53,548628,269.995,131.212,0,589,35950
LR2_10_8.txt,1000,1,46,504,17.9702,8.34621,18.0278,6738,1008,1138.69,1622.4,258,7675.82,1008,6088.86,2156.82,137.261,7562.77,1008,4949.82,3006.28,0,678.97,509545,261.357,123.971,0,1520,346
LRC2_10_5.txt,1000,1,40,504,18.3016,8.11598,2.23607,6884,1008,1995.95,1678.99,46,7207,1008,2264.62,1678.73,4.42701,771,1008,268.616,152.873,0,688.793,509545,268.478,130.763,0,97,14800
LRC1_10_7.txt,200,1,40,523,18.2314,8.07425,2.23607,1683,1046,505.77,415.476,67.5858,1760,1046,589.739,418.889,1.88276,166.817,1046,83.6702,30.3325,0,688.793,548628,267.618,130.354,0,466,76389
LRC2_10_7.txt,1000,1,40,505,17.8139,8.22266,2.23607,6824,1010,1957.19,1681.43,174,7199.57,1010,2308.07,1691.04,5,963,1010,350.806,168.431,0,688.793,511566,268.319,130.744,0,139,9639
LC2_10_6.txt,700,10,50,509,19.1749,8.40105,7.07107,3298,1018,1518.26,928.42,329,3777,1018,2009.98,932.651,132,799,1018,491.601,94.0034,0,600.907,519690,229.379,114.805,0,197,3534
LRC2_10_3.txt,1000,1,44,507,17.9093,8.18074,5.09902,6886,1014,1299.04,1542.53,125,7271.76,1014,4056.62,2707.24,65.7689,7261.19,1014,2757.37,3032.39,0,688.793,515620,267.718,130.41,0,1028,7693
LC1_10_3.txt,200,10,40,524,18.855,8.19376,13.6015,1555.55,1048,483.094,304.564,98,1731.76,1048,1029.86,478.905,4.17832,1706.8,1048,546.473,544.419,0,679.53,550725,269.505,131.074,0,1128,45055
LR1_10_2.txt,200,1,46,520,18.3731,8.49863,12.0416,1781,1040,686.868,454.698,22,1883.86,1040,969.419,530.84,0.187942,1828.47,1040,282.37,520.229,0,678.97,542361,260.97,123.941,0,622,53829
LC1_10_9.txt,200,10,40,523,18.566,8.04971,2.23607,1232.6,1046,490.425,270.198,309.513,1563,1046,834.313,278.442,72.7574,360,1046,343.62,42.0943,0,679.53,548628,270.286,131.465,0,430,53069
LRC1_10_4.txt,200,1,40,521,17.714,8.03578,2.23607,1753.8,1042,337.614,322.424,32,1805.9,1042,1271.06,540.411,0.527864,1773.76,1042,933.047,618.403,0,688.793,544446,267.305,130.239,0,1609,10730
LC1_10_5.txt,200,10,40,529,18.431,7.92934,2.23607,1385,1058,586.898,295.748,103,1490,1058,703.578,298.423,35.617,185,1058,116.54,23.6766,0,679.53,561270,270.075,131.272,0,250,100234
LR1_10_10.txt,200,1,46,519,18.2563,8.69106,12.0416,1734,1038,748.169,436.53,94.9524,1825.73,1038,863.12,438.894,5.69806,215,1038,114.757,34.2291,0,678.97,540280,261.224,123.988,0,276,56974
LRC1_10_10.txt,200,1,40,522,17.7375,8.12936,2.23607,1635,1044,487.906,408.726,140.622,1784.6,1044,627.339,412.533,5.94123,150,1044,139.043,20.0327,0,688.793,546535,267.418,130.219,0,691,57896
LRC2_10_10.txt,1000,1,40,504,18.0635,8.07273,2.23607,6600,1008,1846.36,1673.98,591.169,7199.57,1008,2418.38,1679.93,33.9894,600,1008,571.915,83.4244,0,688.793,509545,268.593,130.838,0,202,1111
LR1_10_7.txt,200,1,46,523,18.6367,8.5982,12.0416,1722,1046,551.157,434.815,48,1902.96,1046,1158.36,553.35,5.70294,1890.92,1046,606.921,656.136,0,678.97,548628,260.422,123.657,0,1116,26114
LC1_10_6.txt,200,10,40,527,18.2353,7.97558,2.23607,1348,1054,572.167,292.413,62.2918,1502.38,1054,722.969,299.162,5.75319,435,1054,150.633,79.0843,0,679.53,557040,269.881,131.226,0,296,94113
LC1_4_10.txt,200,10,50,208,17.7404,7.75157,14.3178,928,416,327.728,237.246,274.315,1356.96,416,772.334,249.939,116,711.83,416,444.26,95.2927,0,238.296,87153,103.354,49.4578,0,235,107
LC1_4_4.txt,200,10,50,208,18.4615,8.07803,17.72,1145,416,248.012,237.591,109.23,1397.96,416,1048.12,382.138,30.1101,1374.5,416,799.798,480.671,0,238.296,87153,103.466,49.486,0,631,974
LR1_4_5.txt,200,1,48,206,18.0631,8.89016,4.24264,727,412,305.061,183.681,34,757,412,334.053,183.946,1.38447,30,412,28.835,4.06932,0,266.603,85491,99.0786,47.3069,0,90,10787
LC1_4_7.txt,200,10,40,211,18.4834,7.7197,14.3178,1216,422,432.002,277.956,112.764,1306.69,422,608.296,280.373,89.5307,180,422,176.147,17.5534,0,238.296,89676,103.5,49.5053,0,94,5406
LC2_4_5.txt,700,10,40,203,18.5714,8.29103,9.48683,3248,406,1494.59,945.409,259.704,3568,406,1809.16,945.846,29.7639,320,406,314.493,29.8094,0,227.563,83028,87.7118,43.1138,0,57,33
LC2_4_4.txt,700,10,40,203,18.7192,8.34497,16.2788,3196,406,607.172,854.345,210,3593.51,406,2868.3,990.765,159.226,3563,406,2260.77,1392.05,0,227.563,83028,87.7459,43.0752,0,606,53
LRC1_4_10.txt,200,1,50,209,18.0287,7.69422,8.06226,597.411,418,175.306,140.592,147.94,742.351,418,313.215,141.811,18.3995,150,418,137.49,21.5342,0,260.25,87990,102.637,49.1035,0,308,5218
LRC2_4_5.txt,1000,3,40,203,18.1872,7.5534,8.06226,2836,406,773.961,632.059,118,3037.35,406,1025.91,643.43,5,985,406,251.85,153.154,0,260.25,83028,102.877,49.1991,0,82,484
LRC1_4_6.txt,200,1,46,208,18.3942,8.19794,8.06226,683,416,203.661,156.636,68,742.351,416,260.409,157.613,3.70294,60,416,56.4976,8.27786,0,260.25,87153,102.585,48.976,0,168,10590
LC1_4_5.txt,200,10,50,211,17.9621,7.99515,14.3178,1203,422,461.645,281.952,74.6148,1306.69,422,578.82,285.344,47.5791,180,422,117.055,21.6045,0,238.296,89676,103.294,49.4173,0,91,9020
LRC2_4_7.txt,1000,1,50,202,17.8218,7.23025,8.06226,2822,404,736.567,636.43,207,3037.35,404,1079.34,639.858,12,863,404,342.636,162.236,0,260.25,82215,103.074,49.2557,0,107,97
LR2_4_3.txt,1000,1,43,202,17.9455,8.1797,8.06226,2908,404,775.76,772.762,137,3198.76,404,2070.86,1032.3,14,3148.96,404,1294.89,1304.69,0,266.603,82215,98.9752,47.2927,0,415,212
LC1_4_8.txt,200,10,50,208,18.8942,7.9993,14.3178,1090,416,412.728,269.349,146.175,1311.04,416,642.075,278.499,66.1716,344,416,229.13,45.2611,0,238.296,87153,103.696,49.5754,0,158,3151
LR2_4_7.txt,1000,1,43,203,18.3399,7.843,4.24264,2849,406,746.446,774.773,251,3188.86,406,2046.09,999.083,115,3121.73,406,1299.4,1216.99,0,266.603,83028,98.9729,47.331,0,424,5
LC2_4_7.txt,700,10,40,204,18.3333,8.31443,9.48683,3487,408,1369.32,920.102,321,3589,408,1966.41,946.17,27,1500,408,596.926,266.863,0,227.563,83845,87.5636,42.9832,0,119,12
LR2_4_10.txt,1000,1,48,202,17.6683,8.80151,4.24264,2717,404,1055.82,724.523,380,3190.35,404,1518.04,726.794,174.845,644,404,462.084,75.3457,0,266.603,82215,98.8009,47.248,0,84,0
LC1_4_1.txt,200,10,50,211,18.2464,8.06261,14.3178,1247,422,481.46,287.905,55,1306.69,422,540.13,288.681,25,87.3592,422,58.5498,10.4743,0,238.296,89676,103.495,49.4878,0,87,12669
LC1_4_9.txt,200,10,50,209,18.8995,8.15914,14.3178,994,418,363.711,252.941,291.194,1354,418,711.816,263.047,155.134,360,418,347.864,34.0913,0,238.296,87990,103.654,49.5459,0,161,456
LRC1_4_7.txt,200,3,50,211,18.0047,7.78735,8.06226,636,422,194.412,152.367,49,742.351,422,275.365,154.538,3.2918,158,422,80.6185,28.8319,0,260.25,89676,102.473,49.0146,0,232,9118
LC1_4_6.txt,200,10,50,211,18.91,8.1209,14.3178,1158,422,443.038,281.101,62,1311.04,422,594.877,286.791,5,351.859,422,151.656,75.0654,0,238.296,89676,103.439,49.4962,0,122,7279
LRC1_4_8.txt,200,1,50,208,18.3221,8.09408,8.06226,599,416,187.673,147.619,59,742.351,416,293.724,154.597,10.1898,189,416,105.637,33.8547,0,260.25,87153,102.831,49.1972,0,278,7224
LC2_4_3.txt,700,10,40,203,19.1133,8.39625,9.48683,3405,406,993.493,1010.14,169,3589,406,2459.47,1095.16,159.098,3540.52,406,1465.76,1431.54,0,227.563,83028,87.7656,43.1212,0,418,247
LRC2_4_8.txt,1000,1,40,201,18.1642,7.30739,8.06226,2600,402,682.56,622.072,183,3037.35,402,1127.65,637.086,43,885.252,402,444.935,170.648,0,260.25,81406,102.826,49.13,0,125,16
LRC2_4_3.txt,1000,1,43,201,17.6667,7.19259,8.06226,2802,402,547.915,594.797,128,3037.35,402,1778.77,1066.78,46.5441,2990.71,402,1230.66,1233.08,0,260.25,81406,102.669,49.0772,0,403,405
LC1_4_2.txt,200,10,50,211,17.8199,8.04664,18.0278,1190,422,417.223,298.365,44.6148,1396.68,422,679.246,397.907,26.5871,1358.2,422,261.822,392.123,0,238.296,89676,102.88,49.1884,0,277,7531
LRC2_4_9.txt,1000,1,50,203,18.3448,7.78099,8.06226,2558,406,685.333,636.233,481.829,3037.35,406,1144.22,644.316,64.1076,480,406,458.744,64.1921,0,260.25,83028,102.457,49.0105,0,100,1
LR2_4_6.txt,1000,1,48,201,17.8358,8.55792,4.24264,2849,402,960.597,787.03,233.266,3173.85,402,1681.88,921.811,6.87522,3069.75,402,721.127,935.956,0,266.603,81406,98.7807,47.2511,0,247,17
LC2_4_9.txt,700,10,40,205,19.0732,8.26162,9.48683,3327,410,1302.99,917.308,139,3585,410,2065.02,915.544,12,1615.62,410,761.839,346.166,0,227.563,84666,87.5025,43.045,0,131,8
LC2_4_6.txt,700,10,40,203,18.9163,8.72052,9.48683,3277.83,406,1400.87,931.793,334,3589,406,1885.15,929.022,63,762,406,484.155,102.223,0,227.563,83028,88.1424,43.2845,0,89,6
LR2_4_9.txt,1000,1,46,202,18.0693,8.41257,4.24264,2779.23,404,1100.71,729.218,161,3190.35,404,1446.95,734.343,31,855,404,346.114,166.832,0,266.603,82215,98.8987,47.2721,0,78,43
LC2_4_10.txt,700,10,40,202,18.6634,7.89833,9.48683,2798.01,404,1241.8,889.634,799.026,3589,404,2102.13,881.467,275.902,880,404,860.151,71.9377,0,227.563,82215,87.7109,43.0571,0,122,0
LR1_4_3.txt,200,1,43,208,18.3077,8.29537,4.24264,729,416,224.911,177.765,14,785.938,416,483.762,237.658,1.21442,733.824,416,258.613,278.886,0,266.603,87153,98.9008,47.2413,0,437,4122
LC2_4_1.txt,700,10,40,203,19.1133,8.21746,9.48683,3405,406,1563.09,948.941,169,3565,406,1722.93,948.893,135,160,406,159.778,1.75585,0,227.563,83028,88.2782,43.3514,0,42,1073
LR1_4_2.txt,200,1,48,209,17.8373,8.55257,4.24264,729,418,282.519,186.13,14,785.938,418,397.722,222.828,0.356683,733.824,418,115.029,206.483,0,266.603,87990,98.6513,47.1349,0,240,8055
LR1_4_10.txt,200,1,48,209,18.1531,8.86683,4.24264,669,418,272.423,169.381,56,781.351,418,381.778,173.397,5.95841,211,418,109.1,36.4656,0,266.603,87990,99.2961,47.478,0,171,4493
LRC2_4_6.txt,1000,1,50,203,18.0542,8.29422,8.06226,2798,406,778.002,629.967,248,3037.35,406,1006.27,633.532,33.3795,240,406,228.167,34.0728,0,260.25,83028,102.847,49.1503,0,77,110
LR2_4_8.txt,1000,1,48,202,17.9059,8.5149,4.24264,2623,404,444.314,649.655,259,3191.82,404,2574.67,878.683,63.7504,3156.61,404,2129.99,1198.31,0,266.603,82215,99.0142,47.3244,0,607,1
LRC1_4_1.txt,200,1,40,208,18.0192,7.52385,8.06226,721.228,416,213.163,159.063,26.5278,742.351,416,242.337,159.502,8.37722,30,416,28.988,3.15849,0,260.25,87153,102.396,48.9573,0,113,13276
LRC2_4_1.txt,1000,1,50,203,18,8.00742,8.06226,2909,406,851.19,650.244,128,3029,406,968.116,651.376,6.61639,120,406,116.887,14.7079,0,260.25,83028,102.788,49.1137,0,30,1771
LR1_4_7.txt,200,1,46,208,17.7788,8.2403,4.24264,709,416,213.788,175.21,27.6548,781.351,416,485.577,232.022,16.4744,759.014,416,271.5,272.37,0,266.603,87153,98.8462,47.1929,0,453,3449
LC2_4_8.txt,700,10,40,203,19.1626,8.37182,9.48683,3009.15,406,1351.35,912.858,567.834,3589,406,1978.75,917.06,323,640,406,627.281,45.6673,0,227.563,83028,88.0428,43.1844,0,93,0
LRC1_4_3.txt,200,1,50,206,17.9223,7.4581,8.06226,630,412,169.541,134.167,38,733.599,412,405.187,238.691,11.6046,696.69,412,235.369,245.045,0,260.25,85491,102.955,49.2315,0,440,5062
LRC1_4_2.txt,200,1,50,209,18.5742,7.70711,8.06226,713,418,192.352,151.779,38,742.351,418,326.127,223.887,7,686.971,418,133.531,204.138,0,260.25,87990,102.155,48.8884,0,296,9248
LRC1_4_5.txt,200,1,50,207,18.5411,7.98889,8.06226,720,414,199.399,153.718,23,742.351,414,257.957,155.125,2.76462,145,414,58.2874,27.4931,0,260.25,86320,103.017,49.2147,0,186,11049
LC2_4_2.txt,700,10,40,202,18.7624,8.22283,9.48683,3405,404,1376.5,999.332,106.16,3589,404,2107.12,1089.53,69.4854,3477.13,404,730.485,1079.94,0,227.563,82215,87.9439,43.1231,0,221,541
LC1_4_3.txt,200,10,40,210,18.4762,7.92077,14.3178,1281,420,348.624,292.238,75,1392.97,420,860.271,436.355,25.6928,1350.7,420,511.393,507.108,0,238.296,88831,103.409,49.4219,0,451,3545
LR1_4_8.txt,200,1,48,211,18.0047,8.32695,4.24264,692.601,422,152.147,137.005,56.7639,785.938,422,589.524,197.186,0,771.639,422,437.002,260.774,0,266.603,89676,98.9259,47.3727,0,651,916
LR1_4_6.txt,200,1,48,211,18.1374,9.02352,4.24264,718.962,422,265.661,182.113,34,785.938,422,404.22,219.691,8.65444,744.321,422,138.348,208.725,0,266.603,89676,99.0897,47.3282,0,273,7074
LRC2_4_4.txt,1000,2,46,203,18.4039,7.70138,8.06226,2584,406,352.313,496.119,128,3037,406,2308.62,980.92,119.938,3007.2,406,1955.98,1187.4,0,260.25,83028,102.742,49.1397,0,604,78
LR2_4_4.txt,1000,1,46,202,16.9604,7.97623,4.24264,2675,404,449.96,667.997,140,3191.82,404,2522.58,923.797,14,3138.37,404,2072.31,1255.92,0,266.603,82215,98.8433,47.2694,0,603,31
LRC2_4_2.txt,1000,1,50,203,18.5517,7.59175,8.06226,2802,406,709.537,629.578,128,3037.35,406,1286.3,922.299,24.7723,2981.97,406,576.576,910.901,0,260.25,83028,102.882,49.1565,0,223,965
LR1_4_4.txt,200,1,43,210,17.7571,8.49841,8.06226,705.601,420,164.943,147.065,39,789.757,420,589.7,201.647,4.52082,771.639,420,424.436,266.529,0,266.603,88831,98.7278,47.2584,0,640,1112
LRC2_4_10.txt,1000,1,50,203,18.7192,7.52915,8.06226,2439.65,406,628.037,622.439,601.784,3037.35,406,1202.21,625.085,132.975,600,406,573.97,75.0819,0,260.25,83028,102.735,49.122,0,131,0
LR1_4_9.txt,200,1,48,209,17.1435,7.94443,4.24264,716,418,296.892,181.355,20.759,768,418,354.591,182.275,0.834142,124,418,57.4833,20.259,0,266.603,87990,98.5942,47.1538,0,133,8089
LR2_4_1.txt,1000,1,41,201,18.0398,8.11963,4.24264,2908,402,1210.46,737.389,126,3030,402,1326,739.227,6.91678,236.505,402,115.49,41.5256,0,266.603,81406,98.9771,47.3018,0,31,883
LRC1_4_4.txt,200,1,50,207,17.8502,7.92022,12.6491,618,414,125.742,94.1088,55,746.938,414,522.505,223.964,17.9584,688.385,414,396.411,246.25,0,260.25,86320,102.862,49.0918,0,637,1565
LR2_4_5.txt,1000,1,48,202,18.0198,8.80522,4.24264,2849,404,1159.82,739.522,237.669,3089,404,1391.49,734.762,26.1194,240,404,231.577,34.8676,0,266.603,82215,98.8175,47.2495,0,53,32
LR1_4_1.txt,200,1,46,208,17.9663,8.44727,4.24264,737,416,313.656,185.022,14,747,416,323.447,185.298,3.94875,10,416,9.68029,0.995845,0,266.603,87153,98.8481,47.3208,0,61,12477
LRC1_4_9.txt,200,1,50,209,18.1531,7.76924,8.06226,623,418,185.557,147.132,101.489,742.351,418,295.778,149.273,16.2297,120,418,109.849,17.8902,0,260.25,87990,102.737,49.0786,0,270,6585
LR2_4_2.txt,1000,2,48,201,18.4726,8.6041,4.24264,2908,402,1007.34,796.167,126,3177,402,1637.63,943.586,14,3117.69,402,630.157,979.218,0,266.603,81406,99.1155,47.4106,0,215,419
LRC2_2_6.txt,1000,1,43,101,17.7921,8.18085,9.21954,2195,202,635.743,543.831,228.175,2435,202,864.703,537.36,28.132,240,202,228.851,37.7852,0,183.853,20706,70.6751,35.0244,0,35,0
LRC2_2_2.txt,1000,1,40,102,17.3627,8.81694,9.21954,2194,204,582.475,539.637,129,2507.8,204,1076.79,788.828,58.7639,2441.77,204,494.181,750.229,0,183.853,21115,70.2842,34.9109,0,109,42
LR2_2_2.txt,1000,1,41,101,17.8119,9.06941,10.6301,2204,202,802.911,624.282,87.2918,2515.78,202,1327.52,738.491,30,2435.73,202,524.485,769.715,0,183.853,20706,71.9311,34.3421,0,106,35
LRC2_2_1.txt,1000,3,40,101,17.5446,7.67532,9.21954,2255,202,687.653,542.875,129,2375,202,803.401,545.783,20.4471,120,202,115.698,17.8411,0,183.853,20706,70.7821,35.068,0,17,102
LR1_2_4.txt,200,1,43,105,17.3143,8.79173,9.21954,570,210,124.152,126.434,20,611.351,210,471.029,158.894,9.22277,568.309,210,346.49,208.342,0,183.853,22366,72.5465,34.707,0,327,235
LRC2_2_3.txt,1000,1,43,101,17.297,8.79266,9.21954,2004,202,431.802,448.301,129,2510.24,202,1467.69,886.582,70.9878,2482.62,202,1035.7,1010.5,0,183.853,20706,70.5089,35.0204,0,205,10
LR2_2_5.txt,1000,1,43,102,17.3922,8.69865,9.21954,2195,204,929,604.352,249,2435,204,1165.33,603.383,122.183,240,204,236.24,16.0921,0,183.853,21115,71.8665,34.3076,0,28,0
LC1_2_1.txt,200,10,40,106,17.5472,7.78415,15.2971,1130,212,462.708,288.452,60,1197.49,212,521.755,288.498,32.2878,86,212,58.8962,11.0821,0,189.51,22791,74.2586,37.5405,0,46,2683
LR2_2_4.txt,1000,1,43,101,16.5842,9.57002,1,1995.65,202,425.446,567.765,104,2514.37,202,2026.86,704.476,35,2460.9,202,1601.06,980.269,0,183.853,20706,72.1202,34.375,0,296,6
LR2_2_8.txt,1000,1,43,100,17.97,9.09929,1,1984.05,200,362.315,519.539,257,2514.37,200,2049.49,670.779,101.952,2468.99,200,1686.86,924.222,0,183.853,20301,72.0422,34.3722,0,302,0
LRC1_2_8.txt,200,4,40,104,18.5481,8.52396,9.21954,496.78,208,148.981,122.363,74.3023,587.944,208,255.649,122.7,18,193.822,208,106.212,36.6792,0,183.853,21945,71.162,35.3534,0,139,809
LC2_2_9.txt,700,10,50,101,19.1089,9.28429,7.81025,3164,202,1248.35,900.414,265.384,3500,202,2044.57,903.42,9,1908.69,202,796.005,356.047,0,184.784,20706,66.689,33.4278,0,78,1
LR1_2_8.txt,200,1,43,103,16.8641,9.46516,10.6301,569.899,206,127.607,126.817,40,614.78,206,474.835,155.556,18.3654,578.393,206,346.85,203.894,0,183.853,21528,71.7793,34.3137,0,318,167
LR2_2_7.txt,1000,1,43,101,17.1881,9.14299,1,1949,202,570.391,605.849,224.474,2513.82,202,1655.32,783.948,52.4739,2469.54,202,1084.67,958.889,0,183.853,20706,71.7823,34.2914,0,218,0
LR1_2_3.txt,200,1,43,104,16.8173,8.53635,9.21954,570,208,170.173,143.391,20,614.78,208,370.76,193.802,9.17234,605.561,208,200.288,219.159,0,183.853,21945,71.8973,34.3065,0,219,932
LC2_2_10.txt,700,10,50,101,18.9109,9.26294,7.81025,2705.38,202,1225.34,883.274,790.384,3502.17,202,2089.75,887.009,573.399,880,202,864.252,48.7916,0,184.784,20706,66.3302,33.2919,0,60,0
LRC1_2_4.txt,200,1,43,106,17.8019,8.34086,9.21954,549,212,100.09,94.203,39,609.787,212,438.929,189.409,18.9964,589.941,212,338.425,208.515,0,183.853,22791,70.7552,35.209,0,334,236
LC2_2_1.txt,700,10,40,102,18.5294,7.75836,7.81025,3322,204,1549.81,952.296,167,3482,204,1709.8,952.311,159.129,160,204,159.951,0.112483,0,184.784,21115,66.368,33.2595,0,10,155
LRC2_2_5.txt,1000,1,43,101,17.3267,8.61523,10.6301,2218,202,632.946,558.061,53,2480.22,202,889.965,543.282,7,727,202,256.876,147.645,0,183.853,20706,70.8716,35.1205,0,52,19
LR1_2_2.txt,200,3,39,105,16.7238,7.90994,10.6301,570,210,233.543,154.619,20,614.78,210,332.138,179.194,9.13207,571.655,210,98.4476,168.149,0,183.853,22366,72.4046,34.5997,0,119,1809
LRC2_2_4.txt,1000,1,37,101,16.9109,7.02438,9.21954,1992.7,202,246.45,375.064,189,2514.18,202,1874.51,850.929,104,2478.82,202,1627.79,1003.19,0,183.853,20706,70.8965,35.1789,0,304,8
LRC1_2_2.txt,200,1,40,103,17.1068,8.55422,9.21954,549,206,158.995,132.745,39,609.787,206,283.806,191.626,18.3208,538.442,206,124.549,179.045,0,183.853,21528,70.6548,35.0452,0,136,1689
LR1_2_6.txt,200,1,41,107,17.1589,8.06945,9.21954,550,214,213.136,154.605,40,608.189,214,336.893,172.274,4.53575,543.377,214,123.519,177.685,0,183.853,23220,71.8075,34.2518,0,140,1428
LC2_2_3.txt,700,10,50,101,19.505,9.09684,7.81025,3322,202,1072.25,1052.67,167,3500.19,202,2486.64,1069.21,53.7384,3488,202,1414.13,1424.86,0,184.784,20706,66.3094,33.306,0,207,43
LRC1_2_6.txt,200,1,43,105,17.2952,8.82405,9.21954,532.844,210,164.3,131.878,56.1531,587.944,210,220.448,132.174,14.0979,60,210,55.8667,9.80524,0,183.853,22366,70.6824,35.0277,0,90,1914
LC1_2_4.txt,200,10,40,105,17.4286,8.08947,14.2127,1130,210,217.505,240.986,62,1250.18,210,964.905,333.287,35,1218.95,210,747.01,435.269,0,189.51,22366,74.5921,37.6718,0,324,167
LRC1_2_9.txt,200,1,43,104,18.4712,8.83281,9.21954,490.498,208,147.596,123.345,118.983,587.944,208,257.88,122.063,1.68218,120,208,109.918,20.4159,0,183.853,21945,70.4936,34.9763,0,128,630
LR1_2_10.txt,200,1,41,104,16.6731,8.72163,9.21954,502.125,208,217.486,131.635,99.9412,599.302,208,329.707,135.042,1.27471,212,208,111.938,38.6054,0,183.853,21945,72.1968,34.5342,0,95,490
LR1_2_7.txt,200,1,41,103,17.5437,8.98122,9.21954,550,206,159.563,140.754,30.2918,608.189,206,374.291,183.925,4.76393,571.655,206,214.379,208.179,0,183.853,21528,71.6512,34.3219,0,236,655
LR2_2_6.txt,1000,1,43,100,18.04,9.37428,9.21954,2139,200,746.805,604.469,250,2512,200,1331.28,707.078,6.28488,2409.46,200,584.32,688.729,0,183.853,20301,72.0422,34.3722,0,114,0
LRC1_2_3.txt,200,1,40,105,18.2667,8.62829,9.21954,549,210,134.471,121.918,39,613.183,210,339.324,202.743,19.6407,586.264,210,204.552,208.821,0,183.853,22366,70.2298,34.878,0,225,959
LC2_2_8.txt,700,10,50,102,19.8039,9.00829,7.81025,2923.08,204,1328.59,911.511,599.901,3502.17,204,1962.79,913.245,454.172,640,204,634.069,28.7528,0,184.784,21115,66.4099,33.4065,0,41,0
LC1_2_2.txt,200,10,40,105,18.2857,7.6532,14.7648,1138.05,210,418.595,304.746,62,1243.97,210,646.548,354.432,29.8901,1203.42,210,227.752,337.632,0,189.51,22366,74.2924,37.5895,0,136,1598
LC1_2_6.txt,200,10,40,107,17.757,7.80764,14.7648,1056,214,428.266,285.369,73.8377,1197.49,214,577.388,277.508,5,398.235,214,148.953,82.2183,0,189.51,23220,74.3053,37.5779,0,58,1259
LC1_2_5.txt,200,10,40,107,18.2243,7.98738,15.2971,1090,214,444.748,284.358,85,1197.49,214,560.921,287.197,48.9082,175,214,116.014,23.1587,0,189.51,23220,74.3843,37.631,0,49,1662
LR1_2_5.txt,200,1,43,106,18.3585,8.88143,9.21954,550,212,249.84,146.889,31.3227,580,212,278.156,147.046,3.09389,30,212,28.1557,4.94292,0,183.853,22791,72.7133,34.651,0,55,2372
LR2_2_3.txt,1000,1,41,101,18.0693,8.41458,1,2014,202,599.01,622.817,104,2512,202,1615.74,824.682,30,2474.75,202,1016.51,1015.17,0,183.853,20706,71.9457,34.354,0,205,11
LRC2_2_8.txt,1000,1,40,101,18.7426,8.72886,9.21954,2053,202,554.416,538.795,200,2512.35,202,994.178,545.577,28.8452,1066,202,439.525,178.319,0,183.853,20706,70.6105,35.0072,0,86,0
LC2_2_4.txt,700,10,40,102,19.6078,8.55056,5.83095,3322,204,648.132,963.432,201,3500.19,204,3014.81,795.551,159.789,3450.73,204,2366.28,1376.09,0,184.784,21115,66.1014,33.2173,0,304,4
LRC2_2_7.txt,1000,5,43,101,18.0693,8.57118,9.21954,2118,202,597.614,535.542,197,2480.22,202,933.302,555.921,7.49211,791,202,335.535,165.272,0,183.853,20706,70.7897,35.0526,0,65,4
LC1_2_7.txt,200,10,40,107,18.6916,8.01933,15.2971,1018,214,415.85,275.977,105.528,1197.49,214,591.168,280.942,89.786,180,214,175.159,19.4802,0,189.51,23220,74.057,37.4315,0,49,678
LC2_2_6.txt,700,10,50,101,19.604,8.70871,7.81025,3005.08,202,1388.23,925.338,354,3502.17,202,1885.66,922.584,126.972,749,202,497.297,99.0576,0,184.784,20706,66.3148,33.2698,0,41,0
LRC1_2_1.txt,200,4,40,106,17.8585,8.20968,9.21954,550,212,179.047,134.812,28.9833,579.223,212,207.146,135.182,3.3875,30,212,27.9151,5.90467,0,183.853,22791,71.2204,35.3239,0,60,2634
LRC1_2_7.txt,200,1,40,106,18.1226,8.64837,9.21954,492,212,160.566,129.898,61,587.944,212,244.236,132.85,8,165,212,83.3208,30.4882,0,183.853,22791,70.6953,35.0846,0,120,1301
LC1_2_3.txt,200,10,40,103,17.1845,7.46462,14.4222,1140.53,206,356.228,302.785,62,1246.58,206,811.99,383.254,29.8901,1232.16,206,455.466,445.214,0,189.51,21528,74.1862,37.4936,0,224,650
LR2_2_1.txt,1000,1,40,101,17.2277,8.97873,9.21954,2254,202,996.851,608.693,101,2377,202,1108.62,611.413,5,256,202,111.683,43.9376,0,183.853,20706,71.7582,34.2876,0,34,102
LRC2_2_10.txt,1000,1,43,101,17.8515,8.46332,9.21954,1932.53,202,492.881,511.638,586.785,2480.22,202,1058.7,512.11,189.917,600,202,565.52,79.5445,0,183.853,20706,71.0533,35.3169,0,99,0
LRC2_2_9.txt,1000,1,43,101,18.6832,9.01657,9.21954,2009,202,553.356,526.578,448.661,2488.94,202,996.624,541,100.38,480,202,443.02,85.9427,0,183.853,20706,71.0429,35.1902,0,93,0
LC1_2_8.txt,200,10,40,105,17.7143,7.50092,14.7648,973,210,396.876,272.626,139.388,1218,210,630.1,277.262,86.9405,328,210,232.986,40.2474,0,189.51,22366,73.558,37.2793,0,74,336
LC2_2_7.txt,700,10,40,101,18.5149,8.41263,7.81025,2997.83,202,1339.17,922.018,142,3502.17,202,1941.93,936.671,63.1938,1213,202,602.619,277.998,0,184.784,20706,66.2179,33.2871,0,56,10
LC1_2_10.txt,200,10,40,104,17.4038,7.50342,14.4222,843,208,306.413,232.168,275.642,1250.18,208,762.005,246.988,160.528,682,208,455.245,93.5529,0,189.51,21945,74.114,37.6624,0,125,2
LR1_2_1.txt,200,1,39,105,17.4381,8.46136,9.21954,570,210,258.3,150.338,14.2918,579.223,210,267.952,150.488,0.122602,10,210,9.54762,1.57136,0,183.853,22366,72.099,34.4182,0,31,3025
LC2_2_2.txt,700,10,50,102,19.3137,8.23658,7.81025,3322,204,1341.32,1049.45,167,3495.96,204,2137.46,1052.51,159.129,3465.57,204,795.98,1181.33,0,184.784,21115,66.1474,33.3038,0,112,86
LRC1_2_10.txt,200,1,40,105,17.3524,8.44095,9.21954,441,210,145.138,119.429,145.698,591,210,283.919,122.947,18.6152,150,210,138.39,22.3292,0,183.853,22366,70.806,35.0408,0,149,322
LRC1_2_5.txt,200,6,40,107,18.9439,8.45056,9.21954,542.177,214,167.734,133.964,49.6983,587.944,214,228.631,133.753,5,137,214,60.6215,27.1127,0,183.853,23220,70.9789,35.1833,0,94,1850
LR1_2_9.txt,200,3,43,105,17.8,8.52192,9.21954,542,210,239.681,145.97,40,597,210,296.733,146.247,8,112,210,56.8571,19.4146,0,183.853,22366,72.4414,34.7055,0,65,1537
LC1_2_9.txt,200,10,40,105,17.4286,7.84815,14.7648,869,210,349.514,249.355,267.241,1228.35,210,694.786,264.402,160.026,360,210,345.033,37.1323,0,189.51,22366,73.9907,37.5964,0,79,47
LC2_2_5.txt,700,10,50,101,18.4158,9.24475,7.81025,3218.08,202,1470.27,936.911,260.913,3482,202,1787.06,938.444,138,320,202,316.718,20.404,0,184.784,20706,66.3677,33.3385,0,25,2
LR2_2_10.txt,1000,1,43,101,17.1683,9.89754,9.21954,2050.39,202,834.946,586.034,378,2492,202,1283.77,570.738,5.68218,619,202,448.614,95.6412,0,183.853,20706,72.0035,34.3599,0,59,0
LR2_2_9.txt,1000,1,43,100,17.43,9.21818,9.21954,2204,200,877.71,587.699,93,2488.94,200,1217.22,606.653,12,814,200,339.33,166.279,0,183.853,20301,72.0422,34.3722,0,58,2
LC2_8_7.txt,700,10,50,408,18.7255,8.22552,3,3446,816,1445.35,927.846,305,3657.65,816,2031.84,927.379,5,1515,816,586.357,270.009,0,433.417,334153,173.229,86.4253,0,216,850
LC2_8_3.txt,700,10,40,407,18.9926,8.258,3,3514.56,814,1065.81,1021.32,163,3710.95,814,2540.2,1110.21,61.4398,3700.9,814,1474.17,1438.9,0,433.417,332520,173.184,86.5414,0,841,3348
LR1_8_3.txt,200,1,43,418,18.0311,8.79784,3,1641.77,836,465.898,370.866,13,1672.9,836,1011.38,494.607,1.67715,1667.8,836,545.211,597.083,0,543.419,350703,210.519,100.684,0,881,16358
LR2_8_5.txt,1000,1,45,403,18.0819,8.8115,3,6476,806,2472.59,1484.52,243,6716,806,2707.2,1483.83,2,240,806,234.567,28.2957,0,543.419,326028,211.217,100.966,0,57,3148
LC2_8_4.txt,700,10,40,407,19.2383,8.16455,3,3476,814,650.335,869.283,163,3710.95,814,2978.06,971.867,159.019,3700.9,814,2327.4,1378.66,0,433.417,332520,173.133,86.4771,0,1228,784
LRC2_8_2.txt,1000,1,50,405,17.8667,8.43243,5.09902,5961,810,1427.87,1385.03,125,6242.94,810,2578.03,2079.47,17,6069.74,810,1150.03,2030.54,0,533.766,329266,205.747,99.041,0,431,7972
LR2_8_6.txt,1000,1,50,403,18.0025,8.78304,3,6476,806,2070.66,1610.67,245,6716,806,3428.37,1987.4,48.7901,6562.12,806,1357.58,2118.36,0,543.419,326028,210.779,100.721,0,441,1638
LC1_8_10.txt,200,10,50,419,18.568,8.23414,30.3645,1077.12,838,410.764,252.789,307.791,1502.32,838,847.066,261.642,84.8755,729,838,435.953,95.8089,0,496.166,352380,199.027,96.8552,0,514,9228
LC1_8_7.txt,200,10,50,420,18.3333,8.06201,30.3645,1240,840,507.227,291.09,123.382,1419.18,840,683.783,294.097,89.3816,180,840,176.383,16.5749,0,496.166,354061,199.071,96.7845,0,216,44625
LRC2_8_1.txt,1000,1,50,406,18.0862,8.54183,5.09902,5961,812,1682,1409.07,125,6081,812,1798.67,1409.08,8.79881,120,812,116.632,14.1026,0,533.766,330891,205.863,99.0833,0,67,14235
LC2_8_1.txt,700,10,50,405,18.8395,8.10735,3,3476,810,1641.57,951.667,163,3636,810,1801.12,952.355,68.8579,160,810,159.496,6.02112,0,433.417,329266,173.136,86.457,0,67,13767
LR1_8_5.txt,200,1,45,419,18.0525,8.88131,3,1623,838,632.93,368.196,18.3582,1653,838,661.905,368.756,2.39853,30,838,28.8305,4.18646,0,543.419,352380,210.667,100.776,0,158,47613
LRC2_8_8.txt,1000,1,50,403,17.9851,8.36004,5.09902,5737,806,1497.3,1386.17,280,6222.25,806,1949.62,1387.02,22.6355,965,806,452.201,173.031,0,533.766,326028,206.235,99.237,0,170,1219
LRC2_8_4.txt,1000,1,50,404,18.0693,8.70613,16.5529,5961,808,635.957,983.372,181,6273.9,808,4700.85,2157.2,58.7639,6204.27,808,4064.54,2547.97,0,533.766,327645,205.883,99.1017,0,1211,857
LRC2_8_7.txt,1000,1,50,401,18.0075,8.24424,5.09902,5966,802,1539.89,1391.22,227,6076,802,1892.84,1386.64,7,1007,802,352.862,164.639,0,533.766,322806,206.295,99.2678,0,140,2943
LRC2_8_5.txt,1000,1,50,405,17.6198,8.06616,5.09902,5892,810,1599.51,1394.59,157,6151,810,1862.3,1404.5,5,798,810,262.727,152.224,0,533.766,329266,205.767,99.0446,0,98,6060
LRC1_8_9.txt,200,1,50,418,18.2512,8.38644,5.09902,1424.46,836,393.539,340.626,112.989,1454,836,504.394,341.946,1.82593,120,836,110.496,20.0802,0,533.766,350703,205.789,99.074,0,484,39496
LRC1_8_8.txt,200,1,50,422,18.1422,8.52096,5.09902,1406,844,392.537,337.732,66.3875,1506.25,844,503.301,340.204,0.570437,212,844,110.395,33.096,0,533.766,357435,206.313,99.232,0,462,40301
LC1_8_5.txt,200,10,50,421,18.4561,8.03214,30.3645,1301,842,531.518,293.115,134.586,1419.18,842,649.533,295.736,44.8942,183,842,117.875,22.9656,0,496.166,355746,198.618,96.5893,0,201,54190
LR2_8_3.txt,1000,1,44,404,18.1337,8.7772,3,6578,808,1646.91,1627.41,110,6728.96,808,4279.53,2183.26,9,6614.7,808,2632.4,2747.95,0,543.419,327645,210.798,100.736,0,824,1731
LR2_8_8.txt,1000,1,45,403,17.7742,8.92234,5.09902,6184,806,914.143,1336.76,260,6738,806,5283.42,1964.18,38.9898,6644.62,806,4368.95,2650.76,0,543.419,326028,210.959,100.813,0,1214,123
LC2_8_8.txt,700,10,50,406,18.8916,8.46215,3,3126.39,812,1424.86,921.826,566.508,3660.2,812,2048.65,928.129,63,640,812,623.639,62.3518,0,433.417,330891,173.011,86.3988,0,223,22
LRC1_8_2.txt,200,1,50,415,18.1687,8.73554,5.09902,1477,830,382.865,331.499,35,1526.94,830,620.769,479.319,3.83772,1480.75,830,237.657,425.905,0,533.766,345696,205.405,98.9338,0,556,38498
LR2_8_9.txt,1000,1,50,403,18.2605,9.31719,3,6227,806,2405.78,1479.95,210,6716,806,2761.72,1483.47,16,966,806,355.872,171.127,0,543.419,326028,210.673,100.731,0,94,1638
LR2_8_2.txt,1000,1,45,404,17.604,9.13704,3,6578,808,2120.46,1626.57,110,6728.63,808,3360.94,1967.91,9,6577.9,808,1240.37,2107.93,0,543.419,327645,210.614,100.672,0,417,4298
LR1_8_8.txt,200,1,50,419,18.4368,9.12238,3,1530.36,838,333.214,307.359,33,1672.9,838,1228.49,445.005,16.5519,1612.92,838,894.896,576.003,0,543.419,352380,211.08,100.869,0,1282,4133
LC1_8_1.txt,200,10,50,420,18.4762,8.0903,30.3645,1355,840,557.965,300.246,92,1415,840,615.711,301.128,19.09,89,840,57.5929,10.8762,0,496.166,354061,198.988,96.6623,0,218,62740
LR2_8_4.txt,1000,1,50,405,17.758,9.16816,3,6283.42,810,1003.87,1407.01,157,6738,810,5281.08,1988.21,9,6735,810,4276.88,2693.24,0,543.419,329266,210.493,100.645,0,1210,413
LRC1_8_1.txt,200,1,40,411,18.2847,8.16651,5.09902,1477,822,420.235,347.639,35,1506.25,822,449.328,348.141,7.58579,30,822,28.899,3.32182,0,533.766,339076,206.526,99.4051,0,233,56033
LR2_8_10.txt,1000,1,44,405,17.9086,8.85298,3,6256,810,2365.65,1479.57,367,6716,810,2825.41,1477.52,35.143,652,810,459.673,92.2484,0,543.419,329266,210.791,100.779,0,124,233
LC1_8_9.txt,200,10,50,418,18.2057,8.00993,30.3645,1121,836,436.876,265.788,298.877,1481,836,782.407,276.019,63.566,360,836,345.273,39.5612,0,496.166,350703,199.028,96.7458,0,331,19823
LR1_8_6.txt,200,1,50,420,17.8452,8.46034,3,1623,840,566.107,383.896,22.0098,1660.54,840,827.673,461.806,7.87053,1608.95,840,261.352,450.384,0,543.419,354061,210.409,100.65,0,532,30430
LR1_8_10.txt,200,1,50,420,18.1095,9.10597,3,1566,840,605.455,360.394,100,1653,840,720.663,361.596,9.76462,225,840,114.993,32.1756,0,543.419,354061,211.133,100.968,0,260,32216
LRC1_8_4.txt,200,1,50,418,17.9976,8.12507,5.09902,1370,836,256.791,235.519,54.1803,1546.45,836,1098.85,481.657,15.4562,1489.65,836,841.697,541.921,0,533.766,350703,205.725,99.1073,0,1295,6634
LC2_8_6.txt,700,10,50,406,19.2365,8.23472,3,3263,812,1488.83,935.238,335.802,3660.2,812,1972.58,934.788,127.597,799.16,812,483.639,93.4601,0,433.417,330891,173.289,86.6217,0,155,330
LR2_8_1.txt,1000,1,50,405,18.2889,8.84985,3,6578,810,2530.76,1482.52,110,6643,810,2652.16,1483.03,9,246,810,121.378,39.8404,0,543.419,329266,210.93,100.839,0,28,7971
LC2_8_10.txt,700,10,50,406,19.2118,8.15707,3,2848.08,812,1316.08,882.884,792.859,3680.15,812,2172.23,890.018,343.56,880,812,855.975,75.32,0,433.417,330891,173.48,86.5499,0,273,0
LC1_8_6.txt,200,10,50,421,18.171,8.37964,30.3645,1297,842,517.565,292.654,108,1419.18,842,670.752,299.814,5,431,842,153.008,76.7866,0,496.166,355746,198.932,96.6887,0,241,49322
LC1_8_8.txt,200,10,50,419,18.1384,7.96943,30.3645,1220.25,838,482.868,283.639,151,1419.18,838,713.921,291.88,60.1494,357,838,230.809,46.2946,0,496.166,352380,199.218,96.9258,0,320,35861
LC1_8_3.txt,200,10,50,417,18.0096,7.91298,30.3645,1355,834,438.88,309.348,90.1339,1552.04,834,964.126,450.973,6.45598,1517.18,834,524.959,516.238,0,496.166,349030,198.724,96.66,0,904,21450
LRC1_8_10.txt,200,1,50,420,18.0905,8.7124,5.09902,1357,840,381.615,331.831,144.88,1506.25,840,522.389,334.494,18.9737,150,840,140.371,17.6254,0,533.766,354061,206.391,99.3283,0,548,34205
LR1_8_1.txt,200,1,43,421,18.038,8.72727,3,1643,842,644.19,370.453,13,1653,842,654.083,370.66,3.47606,10,842,9.78741,0.718266,0,543.419,355746,210.812,100.781,0,106,51852
LRC1_8_5.txt,200,1,50,418,18.2584,8.03829,5.09902,1421,836,411.531,344.381,44,1506.25,836,469.725,345.97,0.384227,156.762,836,57.9234,27.5245,0,533.766,350703,205.934,99.0264,0,325,51560
LR1_8_2.txt,200,1,45,417,18.012,8.80517,3,1643,834,573.161,383.662,13,1660.54,834,811.934,456.828,1.38423,1569.57,834,238.585,443.476,0,543.419,349030,210.389,100.559,0,485,33467
LR1_8_7.txt,200,1,44,416,17.8942,8.63578,3,1580,832,459.194,363.582,19.6102,1672.9,832,1014.89,493.42,0.2953,1643.07,832,555.422,589.058,0,543.419,347361,210.923,100.803,0,905,14952
LRC2_8_3.txt,1000,1,50,404,18.1931,8.57328,5.09902,5961,808,1054.26,1250.12,181,6241.64,808,3473.55,2344.77,8.08188,6192.75,808,2419.06,2617.59,0,533.766,327645,205.748,99.1037,0,812,3644
LRC1_8_7.txt,200,1,45,415,18.0096,8.27019,5.09902,1388,830,400.745,341.811,73.7844,1506.25,830,483.316,343.174,2.54909,170,830,82.2506,30.5798,0,533.766,345696,206.791,99.606,0,396,45462
LRC2_8_10.txt,1000,2,50,404,18.4827,8.67169,5.09902,5623,808,1451.97,1388.64,605,6222.25,808,2025.14,1396.22,197.798,600,808,573.031,74.0506,0,533.766,327645,206.597,99.4387,0,186,29
LR1_8_4.txt,200,1,45,417,18,9.03811,3,1536.31,834,334.097,307.853,13,1661.45,834,1229.09,442.031,3.65611,1595.27,834,894.629,583.224,0,543.419,349030,210.858,100.869,0,1260,4505
LR2_8_7.txt,1000,1,45,404,18.0817,9.27312,5.09902,6476,808,1595.23,1631.59,245,6738,808,4299.91,2144.96,54.1597,6707.89,808,2704.45,2714.33,0,543.419,327645,210.715,100.795,0,833,650
LR1_8_9.txt,200,1,45,417,17.9305,9.02574,3,1612,834,622.393,365.925,40.9258,1653,834,680.432,366.472,2.51472,119,834,57.8501,21.2864,0,543.419,349030,210.454,100.557,0,211,41829
LC2_8_2.txt,700,10,50,408,19.1912,8.14987,3,3495.65,816,1411.8,1015.1,163,3710.95,816,2148.76,1100.39,41.4941,3687.47,816,736.822,1103.3,0,433.417,334153,173.031,86.4291,0,455,7866
LRC1_8_3.txt,200,1,50,421,18.7435,8.92512,16.5529,1477,842,329.88,297.523,54.1803,1557.9,842,829.679,528.178,7.58579,1480.75,842,499.474,553.158,0,533.766,355746,205.409,98.8813,0,939,20674
LRC1_8_6.txt,200,1,50,422,18.5024,8.57654,5.09902,1447,844,415.512,351.147,53.7318,1506.25,844,472.496,353.012,2.26137,60,844,56.7453,8.73365,0,533.766,357435,205.894,99.1305,0,302,52580
LC1_8_4.txt,200,10,50,416,18.5337,8.09663,30.3645,1355,832,324.258,256.623,92,1552.04,832,1157.12,395.637,18.751,1514.31,832,832.517,500.448,0,496.166,347361,198.79,96.617,0,1268,6239
LC1_8_2.txt,200,10,50,423,18.6525,8.07722,30.3645,1380.81,846,494.662,312.061,92,1549,846,788.593,426.446,24,1512,846,293.723,432.846,0,496.166,359128,199.01,96.6875,0,551,41801
LC2_8_9.txt,700,10,50,404,19.5297,8.51369,3,3412,808,1350.09,909.177,312,3710.95,808,2133.88,909.867,6,2013,808,783.606,356.654,0,433.417,327645,173.237,86.5677,0,263,300
LRC2_8_6.txt,1000,1,50,402,18.0721,8.23697,5.09902,5901,804,1599.13,1389.97,245,6141,804,1831.43,1392.64,64.1938,240,804,232.248,28.793,0,533.766,324415,205.885,99.098,0,85,5886
LRC2_8_9.txt,1000,1,50,403,17.9479,8.45443,5.09902,5743,806,1490.06,1389.32,485,6222.25,806,1951.61,1393.56,63.8595,480,806,461.454,59.4993,0,533.766,326028,206.224,99.2431,0,136,352
LC2_8_5.txt,700,10,40,405,18.963,8.23005,3,3357.06,810,1567.63,944.551,259.315,3659,810,1883.14,946.34,46.5991,320,810,315.425,25.4279,0,433.417,329266,173.7,86.6359,0,112,3473
LC1_6_3.txt,200,10,40,314,18.5987,7.95021,12.2066,1264.08,628,400.213,300.676,65.132,1393,628,881.151,409.434,22.9625,1300.15,628,480.664,473.304,0,364.247,198135,143.45,69.3355,0,672,10175
LR1_6_1.txt,200,1,46,317,17.9842,9.08241,3.60555,1148,634,486.432,283.949,13,1157.17,634,496.263,284.125,0,10,634,9.72713,1.01308,0,405.247,201930,150.13,72.1585,0,82,27921
LRC1_6_3.txt,200,1,42,314,18.035,8.37092,7.28011,1128,628,254.36,238.79,25.5891,1183.19,628,658.6,409.806,4.4601,1139.08,628,403.938,432.514,0,398.207,198135,145.476,70.6558,0,697,9826
LC1_6_5.txt,200,10,40,314,18.5669,7.9646,12.2066,1200,628,488.642,283.19,76,1303.93,628,605.78,288.053,49.7683,188,628,117.003,21.6818,0,364.247,198135,142.86,69.0635,0,147,25507
LR2_6_5.txt,1000,1,46,303,18.4752,9.55215,3.60555,4507,606,1853.56,1138.19,243,4747,606,2087.37,1136.95,31.8646,240,606,233.752,29.1482,0,405.247,184528,150.642,72.2563,0,57,682
LR1_6_6.txt,200,1,46,315,17.4984,9.06606,3.60555,1128,630,433.003,293.211,33,1173.98,630,629.117,333.914,1.9762,1115.76,630,195.883,322.672,0,405.247,199396,151.154,72.4892,0,407,15880
LC2_6_10.txt,700,10,40,304,19.4737,8.58193,16.1245,2902.02,608,1279.77,884.697,809.196,3687.2,608,2140.17,888.978,288.495,880,608,860.225,74.7057,0,365.601,185745,142.987,70.5082,0,186,0
LC1_6_1.txt,200,10,40,315,17.7143,8.01159,12.2066,1231,630,516.579,289.814,57,1303.93,630,575.33,291.17,24.3371,91,630,58.6222,10.8784,0,364.247,199396,142.998,69.15,0,130,32139
LC2_6_4.txt,700,10,40,306,19.2484,8.67012,15,3462.66,612,652.002,883.462,127.409,3711.11,612,3019.61,950.458,66.7375,3692.75,612,2367.25,1405.87,0,365.601,188191,142.392,70.2189,0,924,314
LR1_6_4.txt,200,1,46,313,18.3578,8.91698,7.28011,1148,626,229.403,223.108,17,1192.39,626,877.941,323.086,9.12324,1123.53,626,648.165,408.76,0,405.247,196878,150.197,72.16,0,970,2675
LC2_6_7.txt,700,10,50,304,19.1118,8.79923,16.1245,3424,608,1409.54,925.776,168,3687.2,608,1993.48,938.372,9,1464,608,583.793,259.13,0,365.601,185745,142.487,70.2346,0,159,175
LC2_6_8.txt,700,10,40,306,19.0196,8.51342,16.1245,3138.36,612,1396.89,924.276,570,3687.2,612,2024.17,928.196,171,640,612,627.126,52.3792,0,365.601,188191,142.71,70.3571,0,151,0
LRC2_6_8.txt,1000,1,46,304,17.7763,7.9068,7.28011,4239,608,1086.25,1038.9,173,4774.17,608,1540.82,1041.58,27.143,1059,608,454.454,178.373,0,398.207,185745,145.825,70.7718,0,134,152
LRC1_6_5.txt,200,1,46,315,18.1968,8.38253,7.28011,1100,630,309.554,260.579,33,1157.17,630,366.397,261.713,3.67246,135,630,56.6048,27.0047,0,398.207,199396,145.034,70.4787,0,247,24404
LRC2_6_2.txt,1000,1,41,303,17.7987,8.08169,7.28011,4567,606,1069.32,1047.36,127,4800,606,1997.24,1601.48,29.9187,4652.93,606,927.776,1564.34,0,398.207,184528,145.233,70.5267,0,320,2572
LRC2_6_3.txt,1000,1,41,303,17.9274,8.21814,12.1655,4567,606,848.551,999.413,133,4805.72,606,2808.02,1766.72,113.687,4788.67,606,1959.24,2003.7,0,398.207,184528,145.627,70.7292,0,606,1025
LR1_6_7.txt,200,1,42,312,17.6923,8.6125,7.28011,1128,624,340.301,283.725,35.8382,1192.39,624,728.155,350.6,8.70276,1138.89,624,387.567,409.935,0,405.247,195625,151.298,72.5672,0,686,7906
LR1_6_10.txt,200,1,46,314,18.2611,9.28852,3.60555,1111,628,451.086,274.603,57,1157.17,628,563.376,274.549,7.10756,204.112,628,112.062,32.6674,0,405.247,198135,151.309,72.5682,0,209,14377
LRC1_6_9.txt,200,1,42,314,18.3408,8.35639,7.28011,1038,628,289.715,254.912,101.764,1157.17,628,402.938,258.123,11.9167,120,628,112.857,14.2204,0,398.207,198135,145.393,70.5932,0,371,16014
LRC2_6_10.txt,1000,1,46,303,17.8383,8.11937,7.28011,4175,606,1034.95,1040.03,567.748,4774.17,606,1610.15,1044.74,70.9815,600,606,575.02,70.41,0,398.207,184528,145.783,70.7723,0,173,2
LR2_6_9.txt,1000,1,46,302,17.9338,9.14967,3.60555,4351,604,1785.65,1138.36,96,4774.17,604,2138.3,1133.38,2.75086,869,604,352.573,174.672,0,405.247,183315,150.522,72.2555,0,85,340
LC1_6_10.txt,200,10,40,319,18.1818,7.9593,12.2066,1004.8,638,361.254,238.29,205.22,1351.29,638,809.397,258.061,45.9722,695,638,447.829,100.332,0,364.247,204480,143.207,69.176,0,356,1428
LR2_6_7.txt,1000,1,45,303,17.9241,9.01604,3.60555,4507,606,1174.42,1184.02,243,4800,606,3134.89,1530.06,20.9565,4705.19,606,1960.21,1913.63,0,405.247,184528,150.533,72.3037,0,615,106
LRC2_6_9.txt,1000,1,40,302,17.7649,7.94589,7.28011,4295,604,1081.57,1040.57,436.154,4774.17,604,1537.39,1038.91,25.9044,480,604,455.677,66.6959,0,398.207,183315,145.649,70.6655,0,152,10
LRC1_6_6.txt,200,1,42,315,17.8984,8.43271,7.28011,1098,630,304.779,258.022,62.541,1157.17,630,362.205,258.185,6.97224,60,630,57.1698,7.84427,0,398.207,199396,145.414,70.6618,0,232,25676
LC2_6_1.txt,700,10,50,304,18.9145,8.47083,20.025,3489,608,1606.6,958.129,180,3648.15,608,1766.18,957.505,45.6458,160,608,159.53,6.55911,0,365.601,185745,142.839,70.3853,0,48,5822
LRC2_6_1.txt,1000,1,46,303,17.8086,8.0895,7.28011,4567,606,1244.42,1048.97,127,4687,606,1361.44,1050.06,0.599242,120,606,116.988,14.9629,0,398.207,184528,146.039,70.8041,0,33,5416
LRC1_6_8.txt,200,1,42,311,17.8521,8.45619,7.28011,1101,622,284.945,248.902,59,1157.17,622,393.854,253.822,7.09735,219,622,108.542,33.6502,0,398.207,194376,145.554,70.8012,0,340,16960
LRC1_6_10.txt,200,1,41,314,17.9618,8.32785,7.28011,1008,628,275.995,245.655,137.308,1157.17,628,416.225,248.218,2.45336,150,628,139.82,20.2472,0,398.207,198135,145.722,70.7181,0,420,12764
LC2_6_6.txt,700,10,50,305,18.918,8.53456,16.1245,3256,610,1457.16,937.188,284,3686.72,610,1943.5,939.659,206.167,766,610,486.216,91.788,0,365.601,186966,142.54,70.2666,0,114,30
LR1_6_5.txt,200,1,46,313,17.7444,9.05389,3.60555,1128,626,483.153,283.698,33,1157.17,626,512.471,284.349,4.17234,30,626,29.1725,3.2067,0,405.247,196878,150.246,72.148,0,122,24647
LRC2_6_7.txt,1000,1,42,305,18.3508,8.18484,7.28011,4235,610,1140.66,1047.51,206,4774.17,610,1491.36,1056.42,13,890,610,350.592,166.352,0,398.207,186966,145.693,70.7287,0,111,531
LC1_6_7.txt,200,10,40,314,18.2803,7.80582,12.2066,1124,628,463.76,279.384,120.292,1303.93,628,640.572,283.426,89.5854,180,628,176.648,16.5515,0,364.247,198135,142.989,69.1305,0,146,18410
LR2_6_2.txt,1000,1,46,304,17.7007,8.86566,3.60555,4603,608,1568.97,1200.03,98,4805.72,608,2505.15,1419.73,6,4739.97,608,936.049,1523.72,0,405.247,185745,150.542,72.2596,0,321,1762
LRC2_6_5.txt,1000,1,42,303,18.3168,8.45001,12.2066,4264,606,1184.22,1051.29,35,4774.17,606,1442.05,1055.75,8,752.891,606,257.752,145.519,0,398.207,184528,145.507,70.6459,0,75,1901
LC1_6_6.txt,200,10,40,314,17.8344,7.81728,12.2066,1183,628,476.046,284.901,96,1303.93,628,627.008,288.791,5,394.914,628,150.777,72.7049,0,364.247,198135,142.859,69.0908,0,202,21788
LC1_6_2.txt,200,10,40,314,18.3121,7.62655,14.1421,1271,628,456.992,303.075,75.7639,1393.79,628,710.631,379.154,18.8429,1358.46,628,253.439,375.11,0,364.247,198135,143.478,69.2732,0,403,20811
LRC1_6_2.txt,200,1,42,315,17.9968,8.39263,7.28011,1128,630,289.506,256.487,32.1686,1158.41,630,477.946,365.127,10.3842,1062.47,630,188.217,321.209,0,398.207,199396,145.281,70.4839,0,412,20087
LC1_6_4.txt,200,10,40,314,18.4076,8.03424,12.2066,1231,628,276.594,245.187,115,1393,628,1057.78,355.651,35.537,1377.72,628,780.836,458.601,0,364.247,198135,143.136,69.1479,0,954,2931
LR2_6_6.txt,1000,1,46,302,17.6325,8.87083,3.60555,4507,604,1487.58,1201.18,243,4805.72,604,2532.17,1400,1.59771,4746.52,604,1044.45,1514.44,0,405.247,183315,150.597,72.2791,0,347,312
LR2_6_1.txt,1000,1,46,304,18.1053,8.92407,3.60555,4603,608,1904,1138.34,98,4652,608,2022.21,1137.68,6,218,608,118.178,38.762,0,405.247,185745,150.578,72.2797,0,33,3229
LR1_6_2.txt,200,1,45,315,17.6476,8.93035,3.60555,1148,630,428.092,293.931,13,1184.3,630,611.848,335.202,2.2878,1145.84,630,183.554,329.28,0,405.247,199396,150.961,72.5021,0,385,17879
LR1_6_9.txt,200,1,46,312,17.5321,8.86659,3.60555,1095,624,468.779,278.141,20,1157.17,624,526.109,279.254,0.976204,115,624,57.1571,21.9001,0,405.247,195625,150.594,72.2522,0,145,21598
LR2_6_4.txt,1000,2,45,301,18.0664,9.07279,7.28011,4603,602,714.51,1033.46,101,4809.39,602,3799.9,1361.73,6,4747.7,602,3085.03,1893.6,0,405.247,182106,150.658,72.296,0,907,161
LR2_6_8.txt,1000,1,46,303,17.8284,9.60565,7.28011,4507,606,703.734,1045.58,251,4809.39,606,3785.37,1375.52,52.975,4750.23,606,3081.32,1874.95,0,405.247,184528,150.2,72.1449,0,911,14
LR2_6_10.txt,1000,1,46,302,17.5795,9.04797,3.60555,4432,604,1723.99,1121.1,342,4774.17,604,2189.6,1123.19,26.6152,631.41,604,465.505,83.2972,0,405.247,183315,150.688,72.3136,0,100,3
LRC1_6_4.txt,200,1,42,317,17.8549,8.3555,7.28011,1128,634,191.093,191.336,43,1188.72,634,845.681,364.965,10.095,1181.44,634,654.211,420.767,0,398.207,201930,145.342,70.5503,0,963,3128
LR2_6_3.txt,1000,1,42,301,17.9103,9.04186,3.60555,4603,602,1173.37,1208.82,98,4805.72,602,3047.76,1548.29,2.94461,4738.9,602,1874.2,1955.15,0,405.247,182106,150.798,72.3372,0,607,727
LC2_6_3.txt,700,10,50,304,19.5066,8.60309,13.8924,3423.95,608,1042.53,1031.9,160,3704.98,608,2508.15,1104.42,68.9066,3551.51,608,1465.37,1450.92,0,365.601,185745,142.563,70.2807,0,622,1408
LC2_6_2.txt,700,10,50,302,19.2053,8.85642,20.025,3489,604,1387.45,1021.52,201,3711.11,604,2127.09,1092.11,151.823,3530.74,604,739.505,1099.54,0,365.601,183315,142.879,70.3943,0,334,3070
LRC2_6_4.txt,1000,1,41,302,18.5232,7.99405,12.1655,4567,604,535.416,845.735,193,4805.72,604,3637.8,1598.7,58.7639,4740.53,604,3102.04,1930.65,0,398.207,183315,145.842,70.8243,0,908,245
LR1_6_3.txt,200,1,42,317,18.2366,8.66048,7.28011,1148,634,359.562,292.413,17,1192.39,634,753.002,352.488,5.83703,1134.22,634,393.155,429.094,0,405.247,201930,150.095,72.1254,0,672,9396
LRC1_6_7.txt,200,1,46,315,18.3206,8.2887,7.28011,1088,630,298.452,256.548,48.9121,1157.17,630,379.351,260.787,1.68218,173,630,80.5746,31.7312,0,398.207,199396,145.589,70.7592,0,292,21866
LRC1_6_1.txt,200,1,46,313,18.0958,8.20083,7.28011,1128,626,317.03,264.145,26.5775,1157.17,626,346.321,264.743,2.39445,30,626,29.1118,2.95055,0,398.207,196878,145.15,70.5352,0,161,29528
LC2_6_5.txt,700,10,40,304,18.4539,8.3198,16.1245,3329,608,1535.46,947.465,336,3648.15,608,1854.91,948.283,228.282,320,608,319.378,6.59284,0,365.601,185745,142.589,70.3267,0,60,560
LC1_6_9.txt,200,10,40,316,18.2278,7.76798,12.2066,991,632,390.441,252.909,238.459,1351,632,737.177,264.183,15.4588,360,632,346.487,37.822,0,364.247,200661,142.816,69.0814,0,252,4111
LC2_6_9.txt,700,10,50,307,18.6319,8.48401,16.1245,3385.35,614,1338.86,919.56,75.5529,3687.2,614,2098.3,934.822,17,1839,614,759.252,366.869,0,365.601,189420,142.672,70.3409,0,218,100
LR1_6_8.txt,200,1,46,314,18.4873,8.98569,7.28011,1128,628,228.288,221.222,37,1192.39,628,882.403,318.44,15.7366,1140.28,628,653.736,400.709,0,405.247,198135,151.22,72.535,0,974,2096
LRC2_6_6.txt,1000,1,42,303,17.9373,7.96678,7.28011,4507,606,1195.21,1052.89,241.447,4747,606,1427.8,1053.59,45.8259,240,606,232.521,27.9909,0,398.207,184528,145.535,70.6643,0,69,1250
LC1_6_8.txt,200,10,40,317,17.6656,7.89018,12.2066,1127,634,444.47,274.452,145,1303.93,634,672.614,282.775,5.83772,403,634,227.923,47.7118,0,364.247,201930,143.228,69.1666,0,219,13454
